t_monotonic,t_since_run_start,timestamp_unix,src_pid,src_cpu_percent,src_rss_bytes,src_read_bytes,src_write_bytes,src_read_bytes_per_s,src_write_bytes_per_s,dst_pid,dst_cpu_percent,dst_rss_bytes,dst_read_bytes,dst_write_bytes,dst_read_bytes_per_s,dst_write_bytes_per_s,system_cpu_percent,mem_available_bytes,swap_used_bytes,host_dirty_bytes,host_writeback_bytes,disk_read_bytes_per_s,disk_write_bytes_per_s,psi_cpu_some_avg10,psi_cpu_some_avg60,psi_cpu_some_avg300,psi_cpu_some_total,psi_cpu_full_avg10,psi_cpu_full_avg60,psi_cpu_full_avg300,psi_cpu_full_total,psi_memory_some_avg10,psi_memory_some_avg60,psi_memory_some_avg300,psi_memory_some_total,psi_memory_full_avg10,psi_memory_full_avg60,psi_memory_full_avg300,psi_memory_full_total,psi_io_some_avg10,psi_io_some_avg60,psi_io_some_avg300,psi_io_some_total,psi_io_full_avg10,psi_io_full_avg60,psi_io_full_avg300,psi_io_full_total
23393.624846673,0.0008411929993599188,1784067621.7372684,,,,,,,,,,,,,,,0.0,30441828352,0,2154496,0,0.0,0.0,0.0,0.01,0.0,47576530,0.0,0.0,0.0,0,0.0,0.0,0.0,1205608,0.0,0.0,0.0,1204819,2.4,5.89,6.69,1546236158,2.4,5.86,6.61,1516323540
23394.625683741,1.0016782610000519,1784067622.7381058,40648,0.0,59912192,3125248,0,,,,,,,,,,6.5,30394204160,0,2297856,0,3122634.142881126,0.0,0.0,0.01,0.0,47577685,0.0,0.0,0.0,0,0.0,0.0,0.0,1205608,0.0,0.0,0.0,1204819,2.4,5.89,6.69,1546236313,2.4,5.86,6.61,1516323695
23395.626577919,2.0025724389997777,1784067623.739,40648,99.9,59920384,3125248,0,0.0,0.0,,,,,,,,6.5,30393950208,0,2297856,0,0.0,0.0,0.0,0.01,0.0,47578312,0.0,0.0,0.0,0,0.0,0.0,0.0,1205608,0.0,0.0,0.0,1204819,1.96,5.69,6.65,1546236313,1.96,5.67,6.56,1516323695
23396.627433447,3.0034279669998796,1784067624.7398553,40648,98.9,59928576,3125248,0,0.0,0.0,,,,,,,,6.4,30393950208,0,2297856,0,0.0,0.0,0.0,0.01,0.0,47578734,0.0,0.0,0.0,0,0.0,0.0,0.0,1205608,0.0,0.0,0.0,1204819,1.96,5.69,6.65,1546236313,1.96,5.67,6.56,1516323695
23397.628438583,4.004433103000338,1784067625.7408607,40648,99.9,59936768,3125248,0,0.0,0.0,,,,,,,,6.4,30396002304,0,2297856,0,0.0,0.0,0.0,0.01,0.0,47579629,0.0,0.0,0.0,0,0.0,0.0,0.0,1205608,0.0,0.0,0.0,1204819,1.61,5.51,6.6,1546236313,1.61,5.48,6.52,1516323695
23398.629262962,5.005257482000161,1784067626.741685,40648,99.9,59944960,3125248,0,0.0,0.0,,,,,,,,6.4,30404915200,0,2306048,0,0.0,0.0,0.0,0.01,0.0,47580039,0.0,0.0,0.0,0,0.0,0.0,0.0,1205608,0.0,0.0,0.0,1204819,1.61,5.51,6.6,1546236313,1.61,5.48,6.52,1516323695
23399.630025691,6.00602021099985,1784067627.7424486,40648,121.9,552902656,33783808,0,30635193.64939252,0.0,,,,,,,,7.6,29911584768,0,2310144,0,30635193.64939252,45021.66067378994,0.0,0.01,0.0,47582154,0.0,0.0,0.0,0,0.0,0.0,0.0,1205608,0.0,0.0,0.0,1204819,1.31,5.33,6.56,1546242132,1.31,5.3,6.47,1516329501
23400.630904789,7.006899308998982,1784067628.7433274,40648,35.0,606175232,85397504,733184,51568362.355834484,732540.0255292733,,,,,,,,2.1,29866418176,0,2318336,0,51568362.355834484,765279.2445473414,0.0,0.01,0.0,47582928,0.0,0.0,0.0,0,0.0,0.0,0.0,1205608,0.0,0.0,0.0,1204819,1.31,5.33,6.56,1546259687,1.31,5.3,6.47,1516346959
23401.631935295,8.007929815001262,1784067629.7443576,40648,31.0,649134080,101416960,14585856,16002964.848669168,13838411.433955288,,,,,,,,2.2,29823692800,0,2330624,0,16002964.848669168,11260587.896583367,0.0,0.01,0.0,47583912,0.0,0.0,0.0,0,0.0,0.0,0.0,1205608,0.0,0.0,0.0,1204819,1.26,5.19,6.52,1546279516,1.26,5.16,6.44,1516366114
23402.632850723,9.008845242999087,1784067630.7452729,40648,145.9,816840704,193228800,18997248,91727869.73985931,4407357.381656412,,,,,,,,9.0,29660168192,0,2326528,0,91727869.73985931,2852300.9238760625,0.0,0.01,0.0,47584774,0.0,0.0,0.0,0,0.0,0.0,0.0,1205608,0.0,0.0,0.0,1204819,1.26,5.19,6.52,1546288513,1.26,5.16,6.44,1516374647
23403.633520012,10.009514532001049,1784067631.745942,40648,1.0,828055552,193228800,18997248,0.0,0.0,,,,,,,,0.3,29643489280,0,2326528,0,0.0,0.0,0.0,0.01,0.0,47585370,0.0,0.0,0.0,0,0.0,0.0,0.0,1205608,0.0,0.0,0.0,1204819,1.03,5.02,6.47,1546288513,1.03,4.99,6.39,1516374647
23404.634334091,11.01032861099884,1784067632.7467566,40648,2.0,828129280,193236992,18997248,8185.336489474063,0.0,,,,,,,,0.4,29640396800,0,2674688,0,8185.336489474063,0.0,0.0,0.01,0.0,47585873,0.0,0.0,0.0,0,0.0,0.0,0.0,1205608,0.0,0.0,0.0,1204819,1.03,5.02,6.47,1546289210,1.03,4.99,6.39,1516375343
23405.635375257,12.011369776999345,1784067633.747798,40648,5.0,836739072,195170304,20848640,1931301.1948591785,1849466.3984668404,,,,,,,,0.5,29635428352,0,2678784,65536,1931301.1948591785,1587595.0500113585,0.0,0.01,0.0,47586338,0.0,0.0,0.0,0,0.0,0.0,0.0,1205608,0.0,0.0,0.0,1204819,0.84,4.85,6.43,1546305076,0.84,4.83,6.35,1516390878
23406.636496033,13.012490552999225,1784067634.748919,40648,15.0,847241216,205803520,23040000,10621311.888548078,2188906.725875663,,,,,,,,1.1,29624811520,0,3006464,0,10621311.888548078,1702028.4074098615,0.0,0.01,0.0,47586897,0.0,0.0,0.0,0,0.0,0.0,0.0,1205608,0.0,0.0,0.0,1204819,0.84,4.85,6.43,1546313609,0.84,4.83,6.35,1516398863
23407.63744404,14.013438559999486,1784067635.749867,40648,23.0,858157056,211099648,25006080,5291111.988795457,1964217.9076734874,,,,,,,,1.5,29601079296,0,2351104,0,5291111.988795457,1362676.173448482,0.0,0.01,0.0,47587668,0.0,0.0,0.0,0,0.0,0.0,0.0,1205608,0.0,0.0,0.0,1204819,0.69,4.69,6.39,1546320005,0.69,4.67,6.31,1516405139
23408.638165279,15.014159799000481,1784067636.7505882,40648,82.9,1005056000,300167168,35168256,89003327.32911189,10154851.924742542,,,,,,,,5.0,29464047616,0,2686976,0,88995141.2332435,4707005.124326451,0.0,0.01,0.0,47589368,0.0,0.0,0.0,0,0.0,0.0,0.0,1205608,0.0,0.0,0.0,1204819,0.69,4.69,6.39,1546431543,0.69,4.67,6.31,1516515138
23409.638914028,16.014908548000676,1784067637.7513368,40648,35.0,1026035712,308256768,45809664,8083547.451927341,10633446.217775814,,,,,,,,2.5,29431648256,0,2744320,0,8083547.451927341,5717830.779920251,0.0,0.01,0.0,47590950,0.0,0.0,0.0,0,0.0,0.0,0.0,1205608,0.0,0.0,0.0,1204819,2.55,4.9,6.42,1546570209,2.55,4.88,6.34,1516652343
23410.639663397,17.01565791699977,1784067638.7520862,40648,32.0,1051201536,316006400,56107008,7743829.014602164,10289633.267817039,,,,,,,,2.2,29417385984,0,1650688,0,7735643.148836199,6700131.129441724,0.0,0.01,0.0,47592356,0.0,0.0,0.0,0,0.0,0.0,0.0,1205608,0.0,0.0,0.0,1204819,2.55,4.9,6.42,1546695846,2.55,4.88,6.34,1516777135
23411.640406127,18.01640064700041,1784067639.7528288,40648,30.0,1065881600,323411968,66674688,7400071.7447083285,10559836.892338213,,,,,,,,2.0,29398614016,0,1376256,0,7416443.5848514885,5668749.649569157,0.0,0.01,0.0,47593804,0.0,0.0,0.0,0,0.0,0.0,0.0,1205608,0.0,0.0,0.0,1204819,4.27,5.13,6.46,1546826548,4.27,5.11,6.38,1516907135
23412.641143446,19.0171379659987,1784067640.7535665,40648,31.0,1084755968,330645504,77037568,7228206.5060195485,10355244.881217133,,,,,,,,1.9,29384888320,0,1597440,0,7211834.577353593,5730175.03308458,0.0,0.01,0.0,47595227,0.0,0.0,0.0,0,0.0,0.0,0.0,1205608,0.0,0.0,0.0,1204819,4.27,5.13,6.46,1546947063,4.27,5.11,6.38,1517026750
23413.641983234,20.01797775399973,1784067641.7544062,40648,32.0,1099436032,338067456,89047040,7415724.363660447,11999395.05201569,,,,,,,,2.3,29363531776,0,1638400,0,7423909.4898896525,5574070.962089144,0.0,0.01,0.0,47596700,0.0,0.0,0.0,0,0.0,0.0,0.0,1205608,0.0,0.0,0.0,1204819,5.67,5.36,6.49,1547080518,5.67,5.33,6.41,1517159115
23414.642728843,21.01872336299857,1784067642.7551515,40648,34.0,1119502336,346292224,101310464,8218640.107977257,12254287.093268879,,,,,,,,1.9,29344698368,0,192512,0,8226826.004499147,8206361.263194423,0.0,0.01,0.0,47598207,0.0,0.0,0.0,0,0.0,0.0,0.0,1205608,0.0,0.0,0.0,1204819,5.67,5.36,6.49,1547206627,5.67,5.33,6.41,1517284297
23415.643530282,22.01952480199907,1784067643.755953,40648,49.0,1150959616,359112704,120127488,12810213.39538025,18801955.37967312,,,,,,,,3.0,29312204800,0,118784,0,12810213.39538025,9982143.92055349,0.0,0.01,0.0,47599961,0.0,0.0,0.0,0,0.0,0.0,0.0,1205608,0.0,0.0,0.0,1204819,6.81,5.57,6.53,1547325531,6.81,5.55,6.45,1517402208
23416.644276661,23.02027118100159,1784067644.7567003,40648,105.9,1218076672,380436480,151666688,21307872.251563028,31515677.360168137,,,,,,,,5.6,29251616768,0,405504,0,21291500.471116185,16785167.903123315,0.0,0.01,0.0,47602167,0.0,0.0,0.0,0,0.0,0.0,0.0,1205608,0.0,0.0,0.0,1204819,6.81,5.57,6.53,1547429630,6.81,5.55,6.45,1517504842
23417.64504063,24.02103514999908,1784067645.7574637,40648,67.9,1264173056,402866176,183664640,22412573.48870068,31973525.217993006,,,,,,,,3.4,29206323200,0,32768,0,22420759.235044252,17259646.16542198,0.0,0.01,0.0,47604413,0.0,0.0,0.0,0,0.0,0.0,0.0,1205608,0.0,0.0,0.0,1204819,7.39,5.72,6.56,1547541761,7.39,5.7,6.48,1517616108
23418.645767659,25.02176217899978,1784067646.7581906,40648,61.0,1304023040,424747008,214065152,21864935.55775108,30378426.00329998,,,,,,,,3.1,29168316416,0,90112,0,21856749.509245742,16294329.549870282,0.0,0.01,0.0,47606677,0.0,0.0,0.0,0,0.0,0.0,0.0,1205608,0.0,0.0,0.0,1204819,7.39,5.72,6.56,1547657295,7.39,5.7,6.48,1517730455
23419.646749986,26.02274450600089,1784067647.7591732,40648,57.9,1335623680,457338880,266125312,32559887.543313064,52009070.08615169,,,,,,,,13.0,29140729856,0,0,32768,32510783.779266343,36713247.58559819,0.0,0.0,0.0,47609388,0.0,0.0,0.0,0,0.0,0.0,0.0,1205608,0.0,0.0,0.0,1204819,8.04,5.89,6.59,1547764755,7.86,5.84,6.5,1517834783
23420.647563934,27.023558453998703,1784067648.7599866,40648,66.9,1362944000,504942592,332283904,47564996.56627891,66104786.14167415,,,,,,,,14.9,29109141504,0,94208,0,47630479.26676596,45792870.9843482,0.0,0.0,0.0,47611958,0.0,0.0,0.0,0,0.0,0.0,0.0,1205608,0.0,0.0,0.0,1204819,8.04,5.89,6.59,1547875103,7.86,5.84,6.5,1517941903
23421.648309093,28.024303613001393,1784067649.7607324,40648,67.9,1407090688,567640064,411475968,62650787.20189087,79133097.26016581,,,,,,,,10.4,29076856832,0,114688,65536,62650787.20189087,56065230.48876339,0.0,0.0,0.0,47614602,0.0,0.0,0.0,0,0.0,0.0,0.0,1205608,0.0,0.0,0.0,1204819,8.58,6.06,6.62,1547989061,8.43,6.01,6.53,1518051359
23422.649024373,29.02501889300038,1784067650.7614472,40648,62.0,1426276352,611930112,489422848,44258390.85823183,77891166.00685765,,,,,,,,7.5,29055979520,0,110592,32768,44242018.56900285,55092753.2555073,0.0,0.0,0.0,47617104,0.0,0.0,0.0,0,0.0,0.0,0.0,1205608,0.0,0.0,0.0,1204819,8.58,6.06,6.62,1548085198,8.43,6.01,6.53,1518144424
23423.649807651,30.02580217099967,1784067651.7622309,40648,64.9,1455689728,649478144,566247424,37518644.47122253,76764448.09667827,,,,,,,,6.3,29027139584,0,110592,0,37535015.6480399,54151760.11767702,0.0,0.0,0.0,47620173,0.0,0.0,0.0,0,0.0,0.0,0.0,1205608,0.0,0.0,0.0,1204819,8.65,6.15,6.63,1548179175,8.53,6.11,6.55,1518235437
23424.65058411,31.026578630000586,1784067652.7630067,40648,63.0,1476128768,670359552,640327680,20865207.022201605,74022780.34592748,,,,,,,,5.1,29002698752,0,184320,0,20865207.022201605,49625467.8588063,0.0,0.0,0.0,47623498,0.0,0.0,0.0,0,0.0,0.0,0.0,1205608,0.0,0.0,0.0,1204819,8.65,6.15,6.63,1548260980,8.53,6.11,6.55,1518315303
23425.651353629,32.02734814900032,1784067653.7637763,40648,59.0,1490808832,700891136,706011136,30508107.43168545,65632950.19781431,,,,,,,,4.0,28993945600,0,0,196608,30508107.43168545,46126424.83969614,0.0,0.0,0.0,47625828,0.0,0.0,0.0,0,0.0,0.0,0.0,1205608,0.0,0.0,0.0,1204819,8.53,6.21,6.64,1548346043,8.43,6.17,6.56,1518398077
23426.652115948,33.028110467999795,1784067654.7645388,40648,61.0,1507586048,737726464,783597568,36807269.11943138,77527331.44226278,,,,,,,,4.1,28974043136,0,114688,0,36807269.11943138,54971470.20383441,0.0,0.0,0.0,47628285,0.0,0.0,0.0,0,0.0,0.0,0.0,1205608,0.0,0.0,0.0,1204819,8.53,6.21,6.64,1548429326,8.43,6.17,6.56,1518478943
23427.652870847,34.028865366999526,1784067655.7652938,40648,60.0,1522266112,761720832,861872128,23976268.339013614,78215515.18582283,,,,,,,,4.1,28953546752,0,110592,0,23935339.236352272,51689363.75100767,0.0,0.0,0.0,47630835,0.0,0.0,0.0,0,0.0,0.0,0.0,1205608,0.0,0.0,0.0,1204819,8.44,6.27,6.65,1548507958,8.17,6.2,6.56,1518555290
23428.653670355,35.02966487500089,1784067656.766093,40648,59.0,1534849024,782295040,933396480,20557771.896878224,71467213.39105864,,,,,,,,3.4,28939198464,0,135168,0,20598699.175191738,46378791.78487439,0.0,0.0,0.0,47633141,0.0,0.0,0.0,0,0.0,0.0,0.0,1205608,0.0,0.0,0.0,1204819,8.44,6.27,6.65,1548586980,8.17,6.2,6.56,1518632423
23429.654458784,36.03045330399982,1784067657.7668815,40648,61.0,1553723392,806690816,1008304128,24376556.81571241,74848635.16550514,,,,,,,,3.5,28910383104,0,147456,0,24376556.81571241,48077806.06349458,0.0,0.0,0.0,47635667,0.0,0.0,0.0,0,0.0,0.0,0.0,1205608,0.0,0.0,0.0,1204819,8.17,6.3,6.66,1548666668,7.96,6.22,6.57,1518709681
23430.655277373,37.03127189299994,1784067658.7677004,40648,58.9,1568403456,833507328,1078648832,26794578.252979293,70287167.69767319,,,,,,,,3.5,28898742272,0,684032,409600,26794578.252979293,47793964.386481166,0.0,0.0,0.0,47638076,0.0,0.0,0.0,0,0.0,0.0,0.0,1205608,0.0,0.0,0.0,1204819,8.17,6.3,6.66,1548744874,7.96,6.22,6.57,1518785580
23431.6562204,38.032214920000115,1784067659.7686431,40648,61.9,1581322240,857436160,1166069760,23906287.725201163,87338565.37469505,,,,,,,,4.0,28888158208,0,229376,0,23832629.1871913,56119621.68151468,0.0,0.0,0.0,47642017,0.0,0.0,0.0,0,0.0,0.0,0.0,1205608,0.0,0.0,0.0,1204819,7.96,6.32,6.66,1548823329,7.78,6.25,6.57,1518861914
23432.656953319,39.03294783900128,1784067660.769376,40648,62.0,1596002304,882405376,1244409856,24950928.990046453,78282721.10623826,,,,,,,,4.0,28861968384,0,184320,0,25024602.99296982,46860758.85942287,0.0,0.0,0.0,47644543,0.0,0.0,0.0,0,0.0,0.0,0.0,1205608,0.0,0.0,0.0,1204819,7.96,6.32,6.66,1548900222,7.78,6.25,6.57,1518936588
23433.657759438,40.03375395799958,1784067661.7701821,40648,57.0,1606500352,906723328,1320030208,24298364.626646884,75559442.0982238,,,,,,,,3.4,28855844864,0,274432,65536,24290179.225054614,46611769.36716883,0.0,0.0,0.0,47646936,0.0,0.0,0.0,0,0.0,0.0,0.0,1205608,0.0,0.0,0.0,1204819,7.79,6.34,6.66,1548980428,7.64,6.27,6.57,1519014706
23434.658498387,41.03449290700155,1784067662.7709215,40648,60.0,1619083264,930836480,1393053696,24095346.767553985,72969567.21113512,,,,,,,,3.7,28853100544,0,307200,16384,24103532.718553662,44629804.85024777,0.0,0.0,0.0,47649361,0.0,0.0,0.0,0,0.0,0.0,0.0,1205608,0.0,0.0,0.0,1204819,7.79,6.34,6.66,1549056610,7.64,6.27,6.57,1519088704
23435.659234916,42.03522943599819,1784067663.7716577,40648,59.0,1633763328,955322368,1467699200,24467866.7066846,74590565.88534965,,,,,,,,3.5,28837974016,0,204800,0,24459680.735889457,45276604.46793996,0.0,0.0,0.0,47651767,0.0,0.0,0.0,0,0.0,0.0,0.0,1205608,0.0,0.0,0.0,1204819,7.64,6.36,6.66,1549135612,7.52,6.3,6.58,1519165290
23436.659966965,43.03596148499855,1784067664.7723897,40648,60.0,1646346240,977838080,1538117632,22499241.45278558,70366919.9665799,,,,,,,,3.7,28817584128,0,12288,0,22507427.460227016,41003711.27415062,0.0,0.0,0.0,47654131,0.0,0.0,0.0,0,0.0,0.0,0.0,1205608,0.0,0.0,0.0,1204819,7.64,6.36,6.66,1549211220,7.52,6.3,6.58,1519239105
23437.660701964,44.03669648399955,1784067665.7731247,40648,59.0,1658937344,1001140224,1613058048,23285029.526559792,74885375.32394761,,,,,,,,3.4,28808728576,0,389120,0,23285029.526559792,45080210.090618655,0.0,0.0,0.0,47656680,0.0,0.0,0.0,0,0.0,0.0,0.0,1205608,0.0,0.0,0.0,1204819,7.52,6.39,6.66,1549289504,7.43,6.32,6.58,1519315128
23438.661431744,45.037426263999805,1784067666.7738545,40648,68.9,1669423104,1120559104,1851658240,119331794.0433125,238426193.33256868,,,,,,,,4.5,28795383808,0,761856,196608,118251238.61105613,192404355.14964962,0.0,0.0,0.0,47661046,0.0,0.0,0.0,0,0.0,0.0,0.0,1205608,0.0,0.0,0.0,1204819,7.52,6.39,6.66,1549427916,7.43,6.32,6.58,1519442108
23439.662200883,46.03819540300174,1784067667.774624,40648,82.9,1671520256,1367408640,2323091456,246659820.31198856,471070897.00044197,,,,,,,,5.4,28777803776,0,1933312,0,247412905.0851178,393085694.4612884,0.0,0.0,0.0,47668829,0.0,0.0,0.0,0,0.0,0.0,0.0,1205608,0.0,0.0,0.0,1204819,9.24,6.73,6.74,1549643048,8.8,6.6,6.64,1519634332
23440.662987152,47.03898167200168,1784067668.77541,40648,82.9,1673617408,1627426816,2797326336,259813892.39065802,473862296.76581,,,,,,,,4.9,28780756992,0,0,262144,260141314.94845095,399148561.85943705,0.0,0.0,0.0,47676620,0.0,0.0,0.0,0,0.0,0.0,0.0,1205608,0.0,0.0,0.0,1204819,9.24,6.73,6.74,1549883743,8.8,6.6,6.64,1519851756
23441.663716902,48.03971142199953,1784067669.7761397,40648,73.9,1679908864,1753587712,3115143168,126068897.22252356,317585074.2927193,,,,,,,,4.9,28766519296,0,1015808,0,126068897.22252356,250611100.5499138,0.0,0.0,0.0,47684792,0.0,0.0,0.0,0,0.0,0.0,0.0,1205608,0.0,0.0,0.0,1204819,11.19,7.17,6.83,1550032343,10.47,6.98,6.71,1519988883
23442.664485051,49.040479570998286,1784067670.7769077,40648,60.0,1690394624,1771433984,3197759488,17832573.9261933,82552907.06709176,,,,,,,,3.6,28765962240,0,1015808,0,17832573.9261933,34719698.09866829,0.0,0.0,0.0,47687309,0.0,0.0,0.0,0,0.0,0.0,0.0,1205608,0.0,0.0,0.0,1204819,11.19,7.17,6.83,1550102520,10.47,6.98,6.71,1520057791
23443.66525704,50.04125156000009,1784067671.7776797,40648,58.0,1705074688,1789771776,3280506880,18323646.346547496,82683561.20012341,,,,,,,,3.5,28751872000,0,1409024,0,18323646.346547496,34428973.2113374,0.0,0.0,0.0,47689778,0.0,0.0,0.0,0,0.0,0.0,0.0,1205608,0.0,0.0,0.0,1204819,10.25,7.13,6.82,1550170527,9.66,6.94,6.71,1520124525
23444.665984159,51.04197867900075,1784067672.7784069,40648,56.0,1715560448,1806663680,3369816064,16879630.499939412,89244292.77902012,,,,,,,,3.3,28744257536,0,1310720,0,16879630.499939412,32625493.383854765,0.0,0.0,0.0,47692273,0.0,0.0,0.0,0,0.0,0.0,0.0,1205608,0.0,0.0,0.0,1204819,10.25,7.13,6.82,1550238480,9.66,6.94,6.71,1520191169
23445.666746218,52.04274073800116,1784067673.7791696,40648,60.0,1732337664,1822748672,3457810432,16072743.621062318,87927362.1622821,,,,,,,,3.2,28741709824,0,1359872,0,16072743.621062318,32010422.169678736,0.0,0.0,0.0,47694705,0.0,0.0,0.0,0,0.0,0.0,0.0,1205608,0.0,0.0,0.0,1204819,9.48,7.09,6.81,1550306534,8.99,6.91,6.7,1520257704
23446.667512787,53.043507307000255,1784067674.7799358,40648,59.0,1744920576,1840193536,3557220352,17431501.551303055,99333773.80843511,,,,,,,,3.4,28727058432,0,1351680,0,17431501.551303055,33680165.82899104,0.0,0.0,0.0,47697121,0.0,0.0,0.0,0,0.0,0.0,0.0,1205608,0.0,0.0,0.0,1204819,9.48,7.09,6.81,1550373127,8.99,6.91,6.7,1520322882
23447.668314015,54.04430853500162,1784067675.780737,40648,58.0,1759600640,1855967232,3649609728,15761067.791154323,92315410.30830353,,,,,,,,3.6,28714717184,0,1437696,65536,15761067.791154323,34035066.151970744,0.0,0.0,0.0,47699556,0.0,0.0,0.0,0,0.0,0.0,0.0,1205608,0.0,0.0,0.0,1204819,8.85,7.05,6.81,1550441073,8.45,6.88,6.7,1520389349
23448.669080324,55.04507484400165,1784067676.7815032,40648,60.0,1770086400,1873240064,3750567936,17259605.808731835,100880902.05682293,,,,,,,,3.4,28700274688,0,1372160,131072,17259605.808731835,34834362.1148012,0.0,0.0,0.0,47702025,0.0,0.0,0.0,0,0.0,0.0,0.0,1205608,0.0,0.0,0.0,1204819,8.85,7.05,6.81,1550511513,8.45,6.88,6.7,1520458263
23449.669955052,56.04594957199879,1784067677.7823777,40648,58.0,1786863616,1887084544,3832160256,13832380.42957112,81521011.28907004,,,,,,,,3.3,28683497472,0,1372160,0,13832380.42957112,29854205.690450095,0.0,0.0,0.0,47704461,0.0,0.0,0.0,0,0.0,0.0,0.0,1205608,0.0,0.0,0.0,1204819,8.33,7.02,6.8,1550577364,8.0,6.85,6.69,1520523093
23450.670688331,57.04668285099979,1784067678.7831113,40648,57.0,1797349376,1903431680,3935821824,16335157.771827947,103585610.84676065,,,,,,,,3.4,28676050944,0,1372160,0,16335157.771827947,33460264.290827733,0.0,0.0,0.0,47706917,0.0,0.0,0.0,0,0.0,0.0,0.0,1205608,0.0,0.0,0.0,1204819,8.33,7.02,6.8,1550644945,8.0,6.85,6.69,1520589174
23451.671424861,58.04741938100051,1784067679.7838476,40648,58.0,1809932288,1919303680,4039565312,15860318.39967763,103667134.04568645,,,,,,,,3.3,28659122176,0,1314816,65536,15860318.39967763,33255506.321904708,0.0,0.0,0.0,47709496,0.0,0.0,0.0,0,0.0,0.0,0.0,1205608,0.0,0.0,0.0,1204819,7.91,6.99,6.8,1550715117,7.64,6.83,6.69,1520657670
23452.67216228,59.04815679999956,1784067680.7845852,40648,59.0,1822515200,1935011840,4149731328,15696585.039971298,110084837.34943104,,,,,,,,3.4,28646670336,0,1372160,0,15696585.039971298,33681146.88237909,0.0,0.0,0.0,47712178,0.0,0.0,0.0,0,0.0,0.0,0.0,1205608,0.0,0.0,0.0,1204819,7.91,6.99,6.8,1550788369,7.64,6.83,6.69,1520729447
23453.672888689,60.04888320900136,1784067681.7853115,40648,57.0,1835098112,1949134848,4252811264,14112756.366734996,103005112.1592961,,,,,,,,3.5,28638408704,0,1376256,0,13998151.616657102,31765980.905519232,0.0,0.0,0.0,47714728,0.0,0.0,0.0,0,0.0,0.0,0.0,1205608,0.0,0.0,0.0,1204819,7.56,6.95,6.79,1550854927,7.34,6.8,6.68,1520794790
23454.673628278,61.0496227980002,1784067682.7860513,40648,56.0,1847681024,1963520000,4348256256,14374520.762580395,95374454.10297506,,,,,,,,3.0,28625641472,0,1388544,0,14489124.003284339,33591028.44490242,0.0,0.0,0.0,47717101,0.0,0.0,0.0,0,0.0,0.0,0.0,1205608,0.0,0.0,0.0,1204819,7.56,6.95,6.79,1550923500,7.34,6.8,6.68,1520862246
23455.674461396,62.05045591599992,1784067683.7868843,40648,59.0,1860263936,1979310080,4437348352,15776935.950679082,89017933.5572557,,,,,,,,3.2,28611948544,0,1388544,0,15776935.950679082,33145889.562788557,0.0,0.0,0.0,47719733,0.0,0.0,0.0,0,0.0,0.0,0.0,1205608,0.0,0.0,0.0,1204819,7.28,6.92,6.79,1550992455,7.1,6.77,6.68,1520929508
23456.675255515,63.05125003500143,1784067684.7876785,40648,59.0,1874944000,1994162176,4528517120,14840311.027025096,91096426.59666976,,,,,,,,3.4,28600434688,0,1216512,0,14840311.027025096,32570103.461959656,0.0,0.0,0.0,47722393,0.0,0.0,0.0,0,0.0,0.0,0.0,1205608,0.0,0.0,0.0,1204819,7.28,6.92,6.79,1551061369,7.1,6.77,6.68,1520996864
23457.675983864,64.05197838399909,1784067685.7884066,40648,32.0,1881235456,2004434944,4608782336,10265291.285381662,80206797.45946532,,,,,,,,1.9,28591648768,0,7761920,3948544,10027896.191860076,20080350.496843077,0.0,0.0,0.0,47724213,0.0,0.0,0.0,0,0.0,0.0,0.0,1205608,0.0,0.0,0.0,1204819,7.22,6.92,6.79,1551140068,7.08,6.78,6.68,1521073727
23458.676761323,65.05275584300034,1784067686.7891846,40648,25.0,1885429760,2011525120,4667551744,7084667.961122716,58723752.689883724,,,,,,,,1.8,28587790336,0,1458176,0,7322051.405227347,21429995.05744572,0.0,0.0,0.0,47725785,0.0,0.0,0.0,0,0.0,0.0,0.0,1205608,0.0,0.0,0.0,1204819,7.22,6.92,6.79,1551220402,7.08,6.78,6.68,1521152736
23459.677519212,66.05351373200028,1784067687.789942,40648,26.0,1889624064,2020274176,4737167360,8742430.208312357,69562895.04703972,,,,,,,,1.5,28579848192,0,1642496,0,8742430.208312357,22232622.14024004,0.0,0.0,0.0,47727369,0.0,0.0,0.0,0,0.0,0.0,0.0,1205608,0.0,0.0,0.0,1204819,7.18,6.93,6.79,1551294500,7.06,6.79,6.68,1521225134
23460.678270781,67.05426530100158,1784067688.7906935,40648,26.0,1893818368,2028855296,4799811584,8574675.539668221,62597177.90152066,,,,,,,,1.9,28575756288,0,1495040,0,8574675.539668221,20350017.557627875,0.0,0.0,0.0,47728770,0.0,0.0,0.0,0,0.0,0.0,0.0,1205608,0.0,0.0,0.0,1204819,7.18,6.93,6.79,1551368564,7.06,6.79,6.68,1521297961
23461.67899794,68.05499245999818,1784067689.791421,40648,27.0,1900109824,2037510144,4883648512,8648559.122426528,83776009.52097785,,,,,,,,1.6,28576145408,0,1728512,139264,8648559.122426528,20935816.332802508,0.0,0.0,0.0,47730273,0.0,0.0,0.0,0,0.0,0.0,0.0,1205608,0.0,0.0,0.0,1204819,7.15,6.93,6.79,1551448181,7.05,6.79,6.69,1521376566
23462.679773379,69.05576789900078,1784067690.792196,40648,26.0,1902206976,2045489152,4956635136,7972825.560099698,72930071.17834523,,,,,,,,1.7,28571299840,0,1540096,65536,7972825.560099698,22219953.78120188,0.0,0.0,0.0,47731782,0.0,0.0,0.0,0,0.0,0.0,0.0,1205608,0.0,0.0,0.0,1204819,7.15,6.93,6.79,1551524204,7.05,6.79,6.69,1521451332
23463.680579907,70.05657442699885,1784067691.793003,40648,26.0,1908498432,2055581696,5031010304,10084410.640474467,74315230.68576923,,,,,,,,1.5,28563574784,0,1708032,0,10084410.640474467,21728139.647028793,0.0,0.0,0.0,47733182,0.0,0.0,0.0,0,0.0,0.0,0.0,1205608,0.0,0.0,0.0,1204819,7.12,6.93,6.79,1551603083,7.04,6.8,6.69,1521528888
23464.681314387,71.05730890699851,1784067692.793737,40648,26.0,1912692736,2064838656,5107417088,9250165.938124869,76350705.93353155,,,,,,,,1.6,28565413888,0,1495040,671744,9250165.938124869,22581046.672847304,0.0,0.0,0.0,47734616,0.0,0.0,0.0,0,0.0,0.0,0.0,1205608,0.0,0.0,0.0,1204819,7.12,6.93,6.79,1551677002,7.04,6.8,6.69,1521601178
23465.682068596,72.058063116001,1784067693.7944913,40648,24.0,1914789888,2074054656,5171511296,9209054.448230816,64045904.00262925,,,,,,,,1.6,28560506880,0,1085440,65536,9209054.448230816,22863012.51014104,0.0,0.0,0.0,47736046,0.0,0.0,0.0,0,0.0,0.0,0.0,1205608,0.0,0.0,0.0,1204819,7.1,6.93,6.79,1551760874,7.03,6.81,6.69,1521683910
23466.683020803,73.0590153230005,1784067694.7954438,40648,25.0,1918984192,2081075200,5229535232,7013865.348321777,57968737.7621507,,,,,,,,1.6,28555862016,0,2347008,0,7013865.348321777,17285045.059108045,0.0,0.0,0.0,47737484,0.0,0.0,0.0,0,0.0,0.0,0.0,1205608,0.0,0.0,0.0,1204819,7.1,6.93,6.79,1551841309,7.03,6.81,6.69,1521763230
23467.683753902,74.05974842200158,1784067695.7961767,40648,24.0,1923178496,2089283584,5288579072,8202370.850123275,59000586.72880589,,,,,,,,2.9,28552765440,0,1118208,8192,8202370.850123275,21050296.048994016,0.0,0.0,0.0,47738988,0.0,0.0,0.0,0,0.0,0.0,0.0,1205608,0.0,0.0,0.0,1204819,7.26,6.97,6.8,1551921556,7.21,6.85,6.7,1521842493
23468.684482051,75.06047657100135,1784067696.796905,40648,25.0,1927372800,2097700864,5354094592,8411155.42558995,65467849.65075974,,,,,,,,1.4,28543852544,0,1282048,180224,8411155.42558995,20313656.6312423,0.0,0.0,0.0,47740421,0.0,0.0,0.0,0,0.0,0.0,0.0,1205608,0.0,0.0,0.0,1204819,7.26,6.97,6.8,1552003933,7.21,6.85,6.7,1521923763
23469.685200791,76.0611953109983,1784067697.7976239,40648,25.0,1931567104,2105647104,5428379648,7940532.821464078,74231702.70622295,,,,,,,,1.9,28528267264,0,1507328,0,7940532.821464078,22061583.457572877,0.0,0.0,0.0,47742024,0.0,0.0,0.0,0,0.0,0.0,0.0,1205608,0.0,0.0,0.0,1204819,7.39,7.0,6.81,1552081604,7.17,6.85,6.7,1521999881
23470.68591605,77.06191056999887,1784067698.7983391,40648,25.0,1935761408,2114756608,5508112384,9102993.002322948,79675747.20468457,,,,,,,,1.3,28531683328,0,1589248,491520,9102993.002322948,22000264.113078166,0.0,0.0,0.0,47743376,0.0,0.0,0.0,0,0.0,0.0,0.0,1205608,0.0,0.0,0.0,1204819,7.39,7.0,6.81,1552157139,7.17,6.85,6.7,1522073898
23471.686772738,78.06276725800126,1784067699.7991958,40648,24.0,1937858560,2122534912,5583405056,7771646.124006771,75228224.88230251,,,,,,,,1.6,28529696768,0,663552,65536,7771646.124006771,21076344.14883353,0.0,0.0,0.0,47744720,0.0,0.0,0.0,0,0.0,0.0,0.0,1205608,0.0,0.0,0.0,1204819,7.32,7.0,6.81,1552236400,7.14,6.86,6.71,1522152101
23472.687502757,79.06349727699853,1784067700.7999258,40648,36.0,1942052864,2165981184,5795147776,43414578.53291234,211588256.55311617,,,,,,,,2.5,28534296576,0,1400832,262144,43414578.53291234,99791726.14414403,0.0,0.0,0.0,47748068,0.0,0.0,0.0,0,0.0,0.0,0.0,1205608,0.0,0.0,0.0,1204819,7.32,7.0,6.81,1552410000,7.14,6.86,6.71,1522321193
23473.688463704,80.06445822399837,1784067701.8008866,40648,41.0,1942052864,2227646464,6082457600,61606079.82242277,287033999.5392908,,,,,,,,2.5,28532473856,0,1499136,0,61606079.82242277,145043341.0365842,0.0,0.0,0.0,47753295,0.0,0.0,0.0,0,0.0,0.0,0.0,1205608,0.0,0.0,0.0,1204819,9.25,7.36,6.89,1552635430,9.1,7.22,6.78,1522540927
23474.689429032,81.06542355200145,1784067702.801852,40648,43.0,1946312704,2296213504,6366679040,68500914.14933532,283947337.68353516,,,,,,,,3.0,28527931392,0,319488,0,68500914.14933532,159659508.2057716,0.0,0.0,0.0,47759053,0.0,0.0,0.0,0,0.0,0.0,0.0,1205608,0.0,0.0,0.0,1204819,9.25,7.36,6.89,1552835493,9.1,7.22,6.78,1522734031
23475.690161131,82.06615565099855,1784067703.8025842,40648,39.0,1946312704,2357215232,6634708992,60957101.36722264,267833871.09158313,,,,,,,,3.4,28528414720,0,335872,0,60957101.36722264,132813871.0981674,0.0,0.0,0.0,47763643,0.0,0.0,0.0,0,0.0,0.0,0.0,1205608,0.0,0.0,0.0,1204819,11.38,7.81,6.98,1553064110,11.08,7.64,6.87,1522956908
23476.690974619,83.06696913899941,1784067704.8033974,40648,36.0,1948409856,2421460992,6894157824,64193539.32602565,259237945.04234087,,,,,,,,3.5,28527935488,0,3100672,0,64193539.32602565,130474340.68942925,0.0,0.0,0.0,47767935,0.0,0.0,0.0,0,0.0,0.0,0.0,1205608,0.0,0.0,0.0,1204819,11.38,7.81,6.98,1553251574,11.08,7.64,6.87,1523138983
23477.691707768,84.06770228800087,1784067705.8041306,40648,29.0,1950507008,2439585792,7010086912,18111521.556056216,115844156.97199076,,,,,,,,1.9,28524691456,0,352256,0,18111521.556056216,47679347.93367206,0.0,0.0,0.0,47770385,0.0,0.0,0.0,0,0.0,0.0,0.0,1205608,0.0,0.0,0.0,1204819,12.4,8.11,7.05,1553381778,11.97,7.91,6.94,1523267056
23478.692451747,85.06844626699967,1784067706.8048747,40648,27.0,1954701312,2445570048,7082389504,5979807.149064232,72248840.38006969,,,,,,,,1.9,28524810240,0,352256,0,5979807.149064232,17742959.61067313,0.0,0.0,0.0,47772031,0.0,0.0,0.0,0,0.0,0.0,0.0,1205608,0.0,0.0,0.0,1204819,12.4,8.11,7.05,1553459739,11.97,7.91,6.94,1523344218
23479.693427324,86.06942184400032,1784067707.80585,40648,27.0,1958895616,2451156992,7165554688,5581498.8181239115,83084129.03459522,,,,,,,,1.8,28524408832,0,356352,0,5581498.8181239115,17460597.842327513,0.0,0.0,0.0,47773636,0.0,0.0,0.0,0,0.0,0.0,0.0,1205608,0.0,0.0,0.0,1204819,11.42,8.07,7.05,1553536466,11.07,7.88,6.94,1523420173
23480.694219033,87.07021355300094,1784067708.8066418,40648,25.0,1960992768,2455719936,7239892992,4559334.333970945,74279496.25425376,,,,,,,,1.6,28520140800,0,360448,0,4559334.333970945,15609785.59224882,0.0,0.0,0.0,47775144,0.0,0.0,0.0,0,0.0,0.0,0.0,1205608,0.0,0.0,0.0,1204819,11.42,8.07,7.05,1553613695,11.07,7.88,6.94,1523496474
23481.694958682,88.07095320200096,1784067709.8073814,40648,25.0,1967284224,2461265920,7316340736,5541884.9503382305,76391241.29476568,,,,,,,,1.8,28511457280,0,360448,0,5541884.9503382305,17595689.365955725,0.0,0.0,0.0,47776554,0.0,0.0,0.0,0,0.0,0.0,0.0,1205608,0.0,0.0,0.0,1204819,10.62,8.04,7.05,1553696884,10.33,7.85,6.94,1523578724
23482.695692571,89.07168709100006,1784067710.8081157,40648,26.0,1971478528,2466676736,7397650432,5406847.973752293,81250067.46930869,,,,,,,,1.8,28509589504,0,360448,0,5406847.973752293,19265733.09042547,0.0,0.0,0.0,47778127,0.0,0.0,0.0,0,0.0,0.0,0.0,1205608,0.0,0.0,0.0,1204819,10.62,8.04,7.05,1553774983,10.33,7.85,6.94,1523655690
23483.696621939,90.07261645900144,1784067711.8090448,40648,24.0,1975672832,2472067072,7485272064,5385331.045649337,87540274.86970411,,,,,,,,1.6,28501086208,0,360448,0,5385331.045649337,17240425.300395634,0.0,0.0,0.0,47779625,0.0,0.0,0.0,0,0.0,0.0,0.0,1205608,0.0,0.0,0.0,1204819,10.14,8.04,7.06,1553857408,9.91,7.86,6.94,1523737327
23484.697584476,91.07357899600174,1784067712.8100073,40648,24.0,1979867136,2477748224,7560056832,5675688.939393612,74712854.11351734,,,,,,,,1.7,28497711104,0,360448,0,5675688.939393612,17411720.574707873,0.0,0.0,0.0,47780960,0.0,0.0,0.0,0,0.0,0.0,0.0,1205608,0.0,0.0,0.0,1204819,10.14,8.04,7.06,1553945028,9.91,7.86,6.94,1523823714
23485.698337485,92.07433200499872,1784067713.8107605,40648,23.0,1984061440,2482667520,7636725760,4915594.513106124,76611239.04772724,,,,,,,,1.6,28493008896,0,131072,0,4915594.513106124,16850543.389223903,0.0,0.0,0.0,47782389,0.0,0.0,0.0,0,0.0,0.0,0.0,1205608,0.0,0.0,0.0,1204819,9.75,8.03,7.07,1554033012,9.56,7.86,6.95,1523910489
23486.699196723,93.0751912429987,1784067714.8116202,40648,24.0,1986158592,2487336960,7703330816,4665431.284154381,66547875.53652138,,,,,,,,1.4,28488474624,0,417792,196608,4665431.284154381,16026165.709428556,0.0,0.0,0.0,47783667,0.0,0.0,0.0,0,0.0,0.0,0.0,1205608,0.0,0.0,0.0,1204819,9.75,8.03,7.07,1554110838,9.56,7.86,6.95,1523987499
23487.70014316,94.0761376800001,1784067715.812566,40648,23.0,1988255744,2491457536,7782957056,4116679.821893631,79550950.03738786,,,,,,,,1.4,28485300224,0,368640,65536,4116679.821893631,17227854.920648295,0.0,0.0,0.0,47785162,0.0,0.0,0.0,0,0.0,0.0,0.0,1205608,0.0,0.0,0.0,1204819,9.25,8.0,7.07,1554191936,9.09,7.83,6.95,1524067865
23488.701042368,95.0770368880003,1784067716.8134654,40648,23.0,1994547200,2497273856,7874887680,5811094.617230316,91848033.51346281,,,,,,,,1.5,28476145664,0,0,139264,5811094.617230316,17543776.495821383,0.0,0.0,0.0,47786478,0.0,0.0,0.0,0,0.0,0.0,0.0,1205608,0.0,0.0,0.0,1204819,9.25,8.0,7.07,1554270214,9.09,7.83,6.95,1524145265
23489.701975425,96.0779699449995,1784067717.8143985,40648,24.0,1998741504,2501640192,7959175168,4362265.757402678,84208916.28126858,,,,,,,,1.5,28476104704,0,471040,327680,4362265.757402678,16405556.680513447,0.0,0.0,0.0,47787816,0.0,0.0,0.0,0,0.0,0.0,0.0,1205608,0.0,0.0,0.0,1204819,8.84,7.97,7.06,1554346456,8.71,7.81,6.95,1524220425
23490.702743604,97.07873812400067,1784067718.815167,40648,23.0,2002935808,2506014720,8028631040,4371170.158873412,69402558.41200042,,,,,,,,1.4,28473704448,0,1253376,262144,4371170.158873412,15278631.276286934,0.0,0.0,0.0,47789125,0.0,0.0,0.0,0,0.0,0.0,0.0,1205608,0.0,0.0,0.0,1204819,8.84,7.97,7.06,1554423635,8.71,7.81,6.95,1524296918
23491.703556233,98.07955075299833,1784067719.8159792,40648,22.0,2005032960,2510618624,8118407168,4600165.771899691,89703232.55204397,,,,,,,,1.5,28470792192,0,954368,851968,4600165.771899691,17692630.455446944,0.0,0.0,0.0,47790572,0.0,0.0,0.0,0,0.0,0.0,0.0,1205608,0.0,0.0,0.0,1204819,8.51,7.93,7.06,1554504332,8.4,7.78,6.95,1524376984
23492.704288692,99.0802832119989,1784067720.8167114,40648,24.0,2011324416,2515996672,8217595904,5374111.683527312,99116137.49299115,,,,,,,,1.5,28461834240,0,991232,876544,5374111.683527312,17403444.690295607,0.0,0.0,0.0,47792066,0.0,0.0,0.0,0,0.0,0.0,0.0,1205608,0.0,0.0,0.0,1204819,8.51,7.93,7.06,1554590101,8.4,7.78,6.95,1524461715
23493.705006411,100.08100093100074,1784067721.8174293,40648,23.0,2013421568,2520444928,8291819520,4445065.6918885,74170382.50710084,,,,,,,,1.6,28463570944,0,1163264,0,4445065.6918885,15655963.417563086,0.0,0.0,0.0,47793400,0.0,0.0,0.0,0,0.0,0.0,0.0,1205608,0.0,0.0,0.0,1204819,8.42,7.94,7.07,1554671539,8.33,7.79,6.96,1524542216
23494.705927339,101.08192185900043,1784067722.8183506,40648,23.0,2017615872,2525597696,8381014016,5148027.037757785,89112429.86821425,,,,,,,,1.8,28460597248,0,483328,385024,5148027.037757785,17031866.87690612,0.0,0.0,0.0,47794786,0.0,0.0,0.0,0,0.0,0.0,0.0,1205608,0.0,0.0,0.0,1204819,8.42,7.94,7.07,1554746491,8.33,7.79,6.96,1524616408
23495.706704057,102.08269857699997,1784067723.8191273,40648,25.0,2021810176,2530603008,8465596416,5001427.301391605,84516754.3156601,,,,,,,,1.6,28456685568,0,1376256,16384,4993241.6593271345,17259426.292936496,0.0,0.0,0.0,47796147,0.0,0.0,0.0,0,0.0,0.0,0.0,1205608,0.0,0.0,0.0,1204819,8.16,7.91,7.07,1554822435,8.09,7.76,6.96,1524691183
23496.707598515,103.08359303500038,1784067724.8200219,40648,25.0,2026004480,2535960576,8559337472,5352780.162958845,93657283.49348328,,,,,,,,1.8,28447789056,0,0,1818624,5360964.8421070995,17736199.714268833,0.0,0.0,0.0,47797688,0.0,0.0,0.0,0,0.0,0.0,0.0,1205608,0.0,0.0,0.0,1204819,8.16,7.91,7.07,1554898876,8.09,7.76,6.96,1524766512
23497.708319844,104.08431436400133,1784067725.8207426,40648,27.0,2030198784,2540097536,8647327744,4133978.041749183,87926847.81470886,,,,,,,,1.6,28444311552,0,1175552,65536,4133978.041749183,16916565.590642944,0.0,0.0,0.0,47799121,0.0,0.0,0.0,0,0.0,0.0,0.0,1205608,0.0,0.0,0.0,1204819,7.95,7.88,7.07,1554973906,7.89,7.73,6.96,1524840625
23498.709057603,105.0850521229986,1784067726.8214808,40648,25.0,2034393088,2545274880,8739921920,5173527.183772526,92525914.1743368,,,,,,,,1.7,28440285184,0,1232896,0,5173527.183772526,17325585.89312429,0.0,0.0,0.0,47800669,0.0,0.0,0.0,0,0.0,0.0,0.0,1205608,0.0,0.0,0.0,1204819,7.95,7.88,7.07,1555047197,7.89,7.73,6.96,1524912926
23499.710020351,106.08601487100168,1784067727.8224432,40648,26.0,2038587392,2549137408,8819339264,3858812.935552054,79340958.65049711,,,,,,,,2.0,28440551424,0,1658880,360448,3850628.814797967,15578473.85540474,0.0,0.0,0.0,47802106,0.0,0.0,0.0,0,0.0,0.0,0.0,1205608,0.0,0.0,0.0,1204819,7.77,7.85,7.07,1555128968,7.73,7.71,6.96,1524993234
23500.710814899,107.08680941900093,1784067728.823238,40648,25.0,2040684544,2552598528,8899260416,3458372.1573217427,79857701.22326846,,,,,,,,2.0,28440662016,0,1077248,196608,3466557.6535520903,14631574.511745835,0.0,0.0,0.0,47803716,0.0,0.0,0.0,0,0.0,0.0,0.0,1205608,0.0,0.0,0.0,1204819,7.77,7.85,7.07,1555201616,7.73,7.71,6.96,1525064731
23501.711558369,108.0875528889992,1784067729.8239815,40648,24.0,2044878848,2556784640,8976625664,4183002.0634631156,77307771.99089171,,,,,,,,2.2,28432850944,0,1593344,221184,4183002.0634631156,15434540.881917229,0.0,0.0,0.0,47805198,0.0,0.0,0.0,0,0.0,0.0,0.0,1205608,0.0,0.0,0.0,1204819,7.63,7.82,7.07,1555282435,7.59,7.69,6.96,1525144083
23502.712500696,109.08849521600132,1784067730.8249242,40648,25.0,2049073152,2561196032,9077837824,4407238.939742279,101116874.83846956,,,,,,,,3.3,28429209600,0,1286144,196608,4407238.939742279,16364483.305505455,0.0,0.0,0.0,47806717,0.0,0.0,0.0,0,0.0,0.0,0.0,1205608,0.0,0.0,0.0,1204819,7.63,7.82,7.07,1555353266,7.59,7.69,6.96,1525213527
23503.713472853,110.08946737299993,1784067731.825896,40648,24.0,2051170304,2565029888,9172488192,3830132.509874906,94558442.34849286,,,,,,,,4.0,28430143488,0,1048576,0,3830132.509874906,15938425.34825081,0.0,0.0,0.0,47808241,0.0,0.0,0.0,0,0.0,0.0,0.0,1205608,0.0,0.0,0.0,1204819,7.52,7.79,7.07,1555441951,7.48,7.66,6.96,1525301327
23504.714294151,111.09028867099914,1784067732.826717,40648,25.0,2055364608,2569560064,9264013312,4526458.428748963,91450012.28788029,,,,,,,,5.7,28429131776,0,1171456,458752,4526458.428748963,15891716.165309425,0.0,0.0,0.0,47809672,0.0,0.0,0.0,0,0.0,0.0,0.0,1205608,0.0,0.0,0.0,1204819,7.52,7.79,7.07,1555536231,7.48,7.66,6.96,1525394744
23505.715249998,112.09124451800017,1784067733.8276732,40648,24.0,2057461760,2574405632,9354600448,4840940.801252991,90500631.24303563,,,,,,,,7.1,28428611584,0,368640,0,4840940.801252991,18009281.88192258,0.0,0.0,0.0,47811158,0.0,0.0,0.0,0,0.0,0.0,0.0,1205608,0.0,0.0,0.0,1204819,7.6,7.8,7.07,1555614463,7.58,7.68,6.97,1525471725
23506.716172866,113.09216738599935,1784067734.8285959,40648,26.0,2063753216,2579210240,9429561344,4800178.069269509,74891780.77212386,,,,,,,,8.9,28415778816,0,1097728,0,4800178.069269509,15448143.402806817,0.0,0.0,0.0,47812505,0.0,0.0,0.0,0,0.0,0.0,0.0,1205608,0.0,0.0,0.0,1204819,7.6,7.8,7.07,1555685323,7.58,7.68,6.97,1525541699
23507.717021284,114.09301580399915,1784067735.8294444,40648,25.0,2065850368,2583986176,9515421696,4771887.444798789,85787568.28290929,,,,,,,,8.7,28416880640,0,278528,0,4771887.444798789,16509257.24898655,0.0,0.0,0.0,47813944,0.0,0.0,0.0,0,0.0,0.0,0.0,1205608,0.0,0.0,0.0,1204819,7.49,7.77,7.07,1555765468,7.47,7.65,6.97,1525620958
23508.717744673,115.09373919299833,1784067736.8301678,40648,36.0,2067947520,2610143232,9839558656,26138147.951313168,323902652.3844609,,,,,,,,5.2,28415315968,0,188416,917504,26138147.951313168,91164260.77663611,0.0,0.0,0.0,47818733,0.0,0.0,0.0,0,0.0,0.0,0.0,1205608,0.0,0.0,0.0,1204819,7.49,7.77,7.07,1555912869,7.47,7.65,6.97,1525765628
23509.71868704,116.09468156000003,1784067737.83111,40648,31.0,2072141824,2630279168,10066391040,20116978.42335994,226618825.89651147,,,,,,,,3.0,28411629568,0,1138688,0,20116978.42335994,74071893.09219657,0.0,0.0,0.0,47822376,0.0,0.0,0.0,0,0.0,0.0,0.0,1205608,0.0,0.0,0.0,1204819,8.49,7.94,7.11,1556043673,8.47,7.83,7.01,1525893555
23510.71942646,117.0954209800002,1784067738.8318496,40648,23.0,2074238976,2634559488,10160951296,4277157.384286173,94490387.91734983,,,,,,,,2.4,28407033856,0,1138688,0,4277157.384286173,16560171.078298425,0.0,0.0,0.0,47824151,0.0,0.0,0.0,0,0.0,0.0,0.0,1205608,0.0,0.0,0.0,1204819,8.49,7.94,7.11,1556122141,8.47,7.83,7.01,1525971299
23511.720429956,118.09642447599981,1784067739.832853,40648,25.0,2078433280,2638823424,10253512704,4259661.446778457,92468616.11364031,,,,,,,,2.0,28402651136,0,1138688,0,4259661.446778457,16666283.451228295,0.0,0.0,0.0,47825731,0.0,0.0,0.0,0,0.0,0.0,0.0,1205608,0.0,0.0,0.0,1204819,8.22,7.91,7.11,1556202005,8.2,7.8,7.01,1526050319
23512.721159246,119.0971537660007,1784067740.833582,40648,25.0,2082627584,2642960384,10340806656,4133945.1551341303,87230335.78833523,,,,,,,,1.7,28401360896,0,1007616,737280,4133945.1551341303,15819502.994646944,0.0,0.0,0.0,47827377,0.0,0.0,0.0,0,0.0,0.0,0.0,1205608,0.0,0.0,0.0,1204819,8.22,7.91,7.11,1556278534,8.2,7.8,7.01,1526126127
23513.721887265,120.09788178500094,1784067741.83431,40648,25.0,2093113344,2649620480,10442616832,6655250.850929195,101736110.17877987,,,,,,,,4.1,28394139648,0,942080,294912,6655250.850929195,16990126.86482601,0.0,0.0,0.0,47829002,0.0,0.0,0.0,0,0.0,0.0,0.0,1205608,0.0,0.0,0.0,1204819,8.0,7.88,7.11,1556355999,7.99,7.77,7.01,1526202886
23514.722613924,121.098608444001,1784067742.8350368,40648,26.0,2095210496,2654597120,10529271808,4973026.305677418,86592053.10527691,,,,,,,,5.7,28392972288,0,1368064,0,4973026.305677418,16093777.31187128,0.0,0.0,0.0,47830737,0.0,0.0,0.0,0,0.0,0.0,0.0,1205608,0.0,0.0,0.0,1204819,8.0,7.88,7.11,1556426908,7.99,7.77,7.01,1526273029
23515.723523652,122.09951817199908,1784067743.8359468,40648,24.0,2097307648,2658160640,10610388992,3560281.1125908485,81043456.49856225,,,,,,,,7.4,28387840000,0,282624,1572864,3552096.5583090303,14994103.444290653,0.0,0.0,0.0,47832172,0.0,0.0,0.0,0,0.0,0.0,0.0,1205608,0.0,0.0,0.0,1204819,7.82,7.85,7.11,1556504735,7.81,7.75,7.01,1526350052
23516.72435032,123.10034484000062,1784067744.8367732,40648,24.0,2101501952,2662002688,10704457728,3838874.525268046,93991036.61759697,,,,,,,,7.8,28380545024,0,811008,327680,3847059.7587974025,15130404.179014891,0.0,0.0,0.0,47833566,0.0,0.0,0.0,0,0.0,0.0,0.0,1205608,0.0,0.0,0.0,1204819,7.82,7.85,7.11,1556575341,7.81,7.75,7.01,1526419907
23517.725199658,124.1011941780016,1784067745.837623,40648,24.0,2107793408,2665775104,10800054272,3769214.662753037,95515419.12485681,,,,,,,,7.9,28372172800,0,581632,327680,3769214.662753037,15375612.907669012,0.0,0.0,0.0,47834893,0.0,0.0,0.0,0,0.0,0.0,0.0,1205608,0.0,0.0,0.0,1204819,7.67,7.82,7.11,1556655584,7.66,7.72,7.01,1526499199
23518.725926747,125.10192126699985,1784067746.8383496,40648,23.0,2109890560,2669838336,10903154688,4060279.815216554,103025507.28711277,,,,,,,,5.7,28371910656,0,557056,524288,4060279.815216554,16016002.940466104,0.0,0.0,0.0,47836418,0.0,0.0,0.0,0,0.0,0.0,0.0,1205608,0.0,0.0,0.0,1204819,7.67,7.82,7.11,1556729383,7.66,7.72,7.01,1526572113
23519.726655637,126.10265015700134,1784067747.8390787,40648,24.0,2116182016,2672889856,10979987456,3049297.3976153308,76776806.15364882,,,,,,,,5.2,28363247616,0,892928,393216,3049297.3976153308,13060816.101732241,0.0,0.0,0.0,47837721,0.0,0.0,0.0,0,0.0,0.0,0.0,1205608,0.0,0.0,0.0,1204819,7.54,7.8,7.11,1556802133,7.54,7.7,7.01,1526643935
23520.727388496,127.10338301600132,1784067748.8398113,40648,23.0,2118279168,2676842496,11083059200,3949745.393540708,102996262.26223665,,,,,,,,4.5,28363120640,0,0,565248,3949745.393540708,16666697.660619443,0.0,0.0,0.0,47839231,0.0,0.0,0.0,0,0.0,0.0,0.0,1205608,0.0,0.0,0.0,1204819,7.54,7.8,7.11,1556886841,7.54,7.7,7.01,1526727244
23521.728128625,128.1041231449999,1784067749.8405514,40648,24.0,2124570624,2680479744,11179048960,3634557.95825805,95918767.73848806,,,,,,,,3.4,28351590400,0,0,131072,3634557.95825805,16023980.18759039,0.0,0.0,0.0,47840661,0.0,0.0,0.0,0,0.0,0.0,0.0,1205608,0.0,0.0,0.0,1204819,7.63,7.8,7.11,1556969053,7.62,7.71,7.02,1526808246
23522.728854374,129.1048488939996,1784067750.8412771,40648,23.0,2126667776,2683363328,11247468544,2881492.7595121856,68369964.56660731,,,,,,,,3.0,28351397888,0,98304,360448,2881492.7595121856,13850811.78720062,0.0,0.0,0.0,47842003,0.0,0.0,0.0,0,0.0,0.0,0.0,1205608,0.0,0.0,0.0,1204819,7.63,7.8,7.11,1557034370,7.62,7.71,7.02,1526872944
23523.729614193,130.10560871299822,1784067751.8420372,40648,25.0,2132959232,2686722048,11330170880,3356169.9183334163,82639544.90374391,,,,,,,,2.7,28343078912,0,0,950272,3356169.9183334163,16838150.05368741,0.0,0.0,0.0,47843544,0.0,0.0,0.0,0,0.0,0.0,0.0,1205608,0.0,0.0,0.0,1204819,7.33,7.74,7.11,1557103356,7.33,7.65,7.01,1526940944
23524.730387162,131.10638168199876,1784067752.8428104,40648,23.0,2135056384,2689728512,11427377152,3004141.891444701,97131192.59913576,,,,,,,,2.2,28342161408,0,0,0,2873171.1277849865,15262186.802721104,0.0,0.0,0.0,47845016,0.0,0.0,0.0,0,0.0,0.0,0.0,1205608,0.0,0.0,0.0,1204819,7.33,7.74,7.11,1557181610,7.33,7.65,7.01,1527018380
23525.731116231,132.1071107509997,1784067753.8435392,40648,24.0,2139250688,2693566464,11527983104,3835155.9067145884,100532656.75637537,,,,,,,,2.1,28339052544,0,0,0,3966132.41580196,16327040.46092262,0.0,0.0,0.0,47846595,0.0,0.0,0.0,0,0.0,0.0,0.0,1205608,0.0,0.0,0.0,1204819,7.27,7.72,7.11,1557258623,7.27,7.63,7.01,1527094614
23526.731840441,133.10783496099975,1784067754.844263,40648,24.0,2141347840,2697568256,11619758080,3998895.9595569535,91708559.74394381,,,,,,,,1.8,28338122752,0,0,0,3998895.9595569535,15713164.369231468,0.0,0.0,0.0,47848012,0.0,0.0,0.0,0,0.0,0.0,0.0,1205608,0.0,0.0,0.0,1204819,7.27,7.72,7.11,1557329602,7.27,7.63,7.01,1527164795
23527.732614389,134.10860890899858,1784067755.845038,40648,23.0,2145542144,2700943360,11687047168,3372493.8651220454,67237050.01969048,,,,,,,,1.6,28334665728,0,5353472,425984,3028695.946832905,13174827.368723137,0.0,0.0,0.0,47849416,0.0,0.0,0.0,0,0.0,0.0,0.0,1205608,0.0,0.0,0.0,1204819,7.22,7.69,7.1,1557402901,7.22,7.61,7.01,1527237502
23528.733581366,135.10957588599922,1784067756.8460042,40648,21.0,2149736448,2703876096,11769966592,2929902.851328644,82839320.2825378,,,,,,,,1.3,28326035456,0,0,524288,3273634.4707582616,14931865.22974612,0.0,0.0,0.0,47850741,0.0,0.0,0.0,0,0.0,0.0,0.0,1205608,0.0,0.0,0.0,1204819,7.22,7.69,7.1,1557475227,7.22,7.61,7.01,1527308646
23529.734307036,136.1103015560002,1784067757.8467298,40648,26.0,2151833600,2707701760,11857883136,3822889.843523524,87852791.8644421,,,,,,,,2.0,28313690112,0,266240,360448,3822889.843523524,15565792.371434648,0.0,0.0,0.0,47852226,0.0,0.0,0.0,0,0.0,0.0,0.0,1205608,0.0,0.0,0.0,1204819,7.18,7.67,7.1,1557554218,7.18,7.59,7.01,1527386036
23530.735026725,137.1110212450003,1784067758.8474495,40648,26.0,2156027904,2710896640,11955097600,3192582.3336125636,97144550.1358469,,,,,,,,2.1,28311900160,0,94208,0,3192582.3336125636,14755460.65727345,0.0,0.0,0.0,47853792,0.0,0.0,0.0,0,0.0,0.0,0.0,1205608,0.0,0.0,0.0,1204819,7.18,7.67,7.1,1557623122,7.18,7.59,7.01,1527454070
23531.736026502,138.11202102199968,1784067759.8484492,40648,27.0,2160222208,2714050560,12055031808,3150769.9326909613,99834395.86726503,,,,,,,,1.8,28299333632,0,184320,147456,3150769.9326909613,15487875.578227647,0.0,0.0,0.0,47855272,0.0,0.0,0.0,0,0.0,0.0,0.0,1205608,0.0,0.0,0.0,1204819,7.15,7.65,7.1,1557700026,7.14,7.57,7.01,1527530028
23532.7368059,139.11280041999999,1784067760.8492286,40648,26.0,2164416512,2718183424,12153421824,4129645.362662375,98313390.73985422,,,,,,,,1.6,28293332992,0,0,0,4129645.362662375,15785968.447758948,0.0,0.0,0.0,47856751,0.0,0.0,0.0,0,0.0,0.0,0.0,1205608,0.0,0.0,0.0,1204819,7.15,7.65,7.1,1557777964,7.14,7.57,7.01,1527606690
23533.737542339,140.1135368590003,1784067761.8499653,40648,26.0,2174902272,2723700736,12245458944,5513251.826336498,91969390.15425472,,,,,,,,1.8,28280434688,0,233472,0,5513251.826336498,14288613.307899566,0.0,0.0,0.0,47858236,0.0,0.0,0.0,0,0.0,0.0,0.0,1205608,0.0,0.0,0.0,1204819,7.12,7.63,7.1,1557853882,7.12,7.55,7.01,1527681852
23534.738470097,141.1144646169996,1784067762.850893,40648,24.0,2179096576,2726821888,12350857216,3118259.0102593214,105300578.54592238,,,,,,,,1.8,28270231552,0,241664,0,3118259.0102593214,14785130.976465786,0.0,0.0,0.0,47859735,0.0,0.0,0.0,0,0.0,0.0,0.0,1205608,0.0,0.0,0.0,1204819,7.12,7.63,7.1,1557938979,7.12,7.55,7.01,1527766112
23535.739414864,142.1154093840014,1784067763.8518376,40648,24.0,2183290880,2730008576,12435554304,3183680.1640367853,84617144.51407796,,,,,,,,1.8,28267917312,0,307200,0,3183680.1640367853,15001762.829510096,0.0,0.0,0.0,47861166,0.0,0.0,0.0,0,0.0,0.0,0.0,1205608,0.0,0.0,0.0,1204819,7.28,7.64,7.11,1558034132,7.28,7.57,7.01,1527860502
23536.740146103,143.1161406229985,1784067764.852569,40648,24.0,2187485184,2733408256,12525060096,3397195.837922509,89440389.69913574,,,,,,,,1.8,28259934208,0,241664,0,3397195.837922509,15115474.975238344,0.0,0.0,0.0,47862490,0.0,0.0,0.0,0,0.0,0.0,0.0,1205608,0.0,0.0,0.0,1204819,7.28,7.64,7.11,1558112984,7.28,7.57,7.01,1527938625
23537.740862763,144.11685728299926,1784067765.8532856,40648,23.0,2189582336,2736717824,12615446528,3307197.8635765687,90321702.04894076,,,,,,,,1.6,28264333312,0,307200,131072,3307197.8635765687,15394023.718949843,0.0,0.0,0.0,47863822,0.0,0.0,0.0,0,0.0,0.0,0.0,1205608,0.0,0.0,0.0,1204819,7.41,7.65,7.11,1558199457,7.41,7.58,7.02,1528024103
23538.741588682,145.1175832020017,1784067766.8540113,40648,24.0,2193776640,2739433472,12726771712,2713678.0895083365,111244429.5546713,,,,,,,,1.8,28239167488,0,1277952,131072,2713678.0895083365,14755368.797402041,0.0,0.0,0.0,47865292,0.0,0.0,0.0,0,0.0,0.0,0.0,1205608,0.0,0.0,0.0,1204819,7.41,7.65,7.11,1558274584,7.41,7.58,7.02,1528098405
23539.742563789,146.11855830900095,1784067767.8549867,40648,24.0,2200068096,2742771712,12817485824,3334988.0298297014,90625742.2044643,,,,,,,,1.8,28231483392,0,1212416,0,3334988.0298297014,14661671.301693032,0.0,0.0,0.0,47866752,0.0,0.0,0.0,0,0.0,0.0,0.0,1205608,0.0,0.0,0.0,1204819,7.33,7.63,7.11,1558354158,7.33,7.56,7.02,1528176856
23540.743310768,147.11930528800076,1784067768.8557339,40648,34.0,2202165248,2763902976,13085462528,21115491.171524115,267776680.44306913,,,,,,,,2.3,28210765824,0,1327104,65536,21115491.171524115,69563653.41175108,0.0,0.0,0.0,47870421,0.0,0.0,0.0,0,0.0,0.0,0.0,1205608,0.0,0.0,0.0,1204819,7.33,7.63,7.11,1558486046,7.33,7.56,7.02,1528306862
23541.744099107,148.12009362699973,1784067769.8565218,40648,37.0,2202165248,2777059328,13413810176,13145988.504581789,328089002.64408153,,,,,,,,2.3,28192935936,0,1474560,0,13145988.504581789,79571702.5236859,0.0,0.0,0.0,47875181,0.0,0.0,0.0,0,0.0,0.0,0.0,1205608,0.0,0.0,0.0,1204819,8.18,7.77,7.15,1558609036,8.18,7.71,7.05,1528428280
23542.744821416,149.12081593599942,1784067770.8572443,40648,23.0,2204262400,2779656192,13517467648,2594989.6156465313,103582653.31729776,,,,,,,,1.5,28193271808,0,1474560,0,2594989.6156465313,14292908.103844933,0.0,0.0,0.0,47876579,0.0,0.0,0.0,0,0.0,0.0,0.0,1205608,0.0,0.0,0.0,1204819,8.18,7.77,7.15,1558681678,8.18,7.71,7.05,1528500376
23543.745545286,150.12153980600124,1784067771.857968,40648,24.0,2210553856,2782060544,13607604224,2402612.8206531396,90071376.0328671,,,,,,,,1.8,28189261824,0,1474560,0,2402612.8206531396,13854930.831193998,0.0,0.0,0.0,47877978,0.0,0.0,0.0,0,0.0,0.0,0.0,1205608,0.0,0.0,0.0,1204819,7.96,7.75,7.15,1558760805,7.96,7.68,7.05,1528578563
23544.746467373,151.12246189299913,1784067772.8588903,40648,25.0,2212651008,2784231424,13700665344,2168880.103856254,92975388.60304546,,,,,,,,1.7,28187619328,0,1961984,262144,2168880.103856254,13954492.743678918,0.0,0.0,0.0,47879423,0.0,0.0,0.0,0,0.0,0.0,0.0,1205608,0.0,0.0,0.0,1204819,7.96,7.75,7.15,1558828904,7.96,7.68,7.05,1528645873
23545.747244522,152.12323904200093,1784067773.8596675,40648,24.0,2216845312,2786439168,13788057600,2206029.586309046,87324391.93597366,,,,,,,,1.8,28182802432,0,1634304,0,2206029.586309046,12806431.494547319,0.0,0.0,0.0,47880895,0.0,0.0,0.0,0,0.0,0.0,0.0,1205608,0.0,0.0,0.0,1204819,7.79,7.72,7.14,1558908291,7.79,7.66,7.05,1528724689
23546.747964661,153.12395918100083,1784067774.8603873,40648,26.0,2221039616,2789322752,13874421760,2881508.9130531643,86302010.55642892,,,,,,,,1.3,28178743296,0,1634304,0,2881508.9130531643,13683074.284569215,0.0,0.0,0.0,47882361,0.0,0.0,0.0,0,0.0,0.0,0.0,1205608,0.0,0.0,0.0,1204819,7.79,7.72,7.14,1558983827,7.79,7.66,7.05,1528799743
23547.74870557,154.12470009000026,1784067775.8611283,40648,26.0,2225233920,2792603648,13972135936,3278466.954329195,97641832.28773692,,,,,,,,1.5,28170326016,0,1634304,0,3278466.954329195,16204058.26740235,0.0,0.0,0.0,47883968,0.0,0.0,0.0,0,0.0,0.0,0.0,1205608,0.0,0.0,0.0,1204819,7.64,7.7,7.14,1559058552,7.64,7.64,7.05,1528873638
23548.749501419,155.12549593899894,1784067776.8619244,40648,24.0,2227331072,2795872256,14053113856,3266008.7502064756,80913525.0521078,,,,,,,,1.8,28169580544,0,1642496,0,3266008.7502064756,14345063.495581074,0.0,0.0,0.0,47885461,0.0,0.0,0.0,0,0.0,0.0,0.0,1205608,0.0,0.0,0.0,1204819,7.64,7.7,7.14,1559130575,7.64,7.64,7.05,1528945080
23549.750378857,156.12637337699925,1784067777.8628023,40648,24.0,2231525376,2799251456,14144225280,3376237.560866002,91031549.45927678,,,,,,,,1.4,28161294336,0,1634304,0,3376237.560866002,14548514.580458954,0.0,0.0,0.0,47886740,0.0,0.0,0.0,0,0.0,0.0,0.0,1205608,0.0,0.0,0.0,1204819,7.53,7.67,7.14,1559204536,7.53,7.62,7.05,1529018208
23550.751244545,157.12723906500105,1784067778.8636675,40648,25.0,2235719680,2801942528,14233346048,2688744.3862449336,89043683.95116784,,,,,,,,1.5,28151885824,0,1634304,0,2688744.3862449336,14131254.742319264,0.0,0.0,0.0,47888136,0.0,0.0,0.0,0,0.0,0.0,0.0,1205608,0.0,0.0,0.0,1204819,7.53,7.67,7.14,1559277394,7.53,7.62,7.05,1529090266
23551.751969044,158.1279635639985,1784067779.8643923,40648,23.0,2239913984,2804617216,14324817920,2672751.594149626,91405648.69915688,,,,,,,,1.4,28149817344,0,1634304,0,2672751.594149626,14534365.866501259,0.0,0.0,0.0,47889533,0.0,0.0,0.0,0,0.0,0.0,0.0,1205608,0.0,0.0,0.0,1204819,7.43,7.65,7.14,1559348531,7.43,7.6,7.05,1529160614
23552.752719373,159.12871389299835,1784067780.8651423,40648,24.0,2244108288,2807681024,14416752640,3061510.8596186517,91865790.4333431,,,,,,,,2.2,28148330496,0,1638400,0,3061510.8596186517,14910540.189292444,0.0,0.0,0.0,47890900,0.0,0.0,0.0,0,0.0,0.0,0.0,1205608,0.0,0.0,0.0,1204819,7.43,7.65,7.14,1559423555,7.43,7.6,7.05,1529234879
23553.753498422,160.12949294200007,1784067781.8659213,40648,22.0,2248302592,2810318848,14501212160,2635770.6055409866,84393773.11530302,,,,,,,,4.2,28143157248,0,1638400,65536,2635770.6055409866,13616783.858128669,0.0,0.0,0.0,47892314,0.0,0.0,0.0,0,0.0,0.0,0.0,1205608,0.0,0.0,0.0,1204819,7.35,7.63,7.14,1559504226,7.35,7.58,7.05,1529314905
23554.754232441,161.1302269609987,1784067782.8666553,40648,25.0,2250399744,2813181952,14597922816,2861003.9687318006,96639720.60905086,,,,,,,,1.7,28140027904,0,1638400,0,2861003.9687318006,14444181.696215343,0.0,0.0,0.0,47893734,0.0,0.0,0.0,0,0.0,0.0,0.0,1205608,0.0,0.0,0.0,1204819,7.35,7.63,7.14,1559579585,7.35,7.58,7.05,1529389382
23555.75496163,162.13095614999838,1784067783.8673844,40648,24.0,2254594048,2815389696,14690951168,2206135.3103998397,92960566.17773871,,,,,,,,1.6,28131377152,0,1630208,0,2206135.3103998397,14554762.82705349,0.0,0.0,0.0,47895278,0.0,0.0,0.0,0,0.0,0.0,0.0,1205608,0.0,0.0,0.0,1204819,7.29,7.61,7.14,1559650435,7.29,7.56,7.05,1529459599
23556.755926368,163.13192088800133,1784067784.868349,40648,25.0,2260885504,2818011136,14791802880,2618913.434683127,100754510.29494993,,,,,,,,1.5,28124909568,0,1634304,0,2618913.434683127,14850057.58510167,0.0,0.0,0.0,47896650,0.0,0.0,0.0,0,0.0,0.0,0.0,1205608,0.0,0.0,0.0,1204819,7.29,7.61,7.14,1559723350,7.29,7.56,7.05,1529531764
23557.756648667,164.1326431870002,1784067785.8690705,40648,23.0,2262986752,2820087808,14887669760,2075173.1045440843,95797685.4277205,40857,0.0,42135552,0,0,,,1.9,28095983616,0,1900544,8454144,2075173.1045440843,13511136.919329433,0.0,0.0,0.0,47898146,0.0,0.0,0.0,0,0.0,0.0,0.0,1205608,0.0,0.0,0.0,1204819,7.23,7.59,7.14,1559796994,7.23,7.54,7.05,1529604138
23558.757903802,165.1338983220012,1784067786.8703265,40648,10.0,2244849664,2820087808,14887931904,0.0,261815.386344805,40857,7.0,218595328,0,0,0.0,0.0,1.3,27906039808,0,1638400,0,0.0,781355.2936227774,0.0,0.0,0.0,47898551,0.0,0.0,0.0,0,0.0,0.0,0.0,1205608,0.0,0.0,0.0,1204819,7.23,7.59,7.14,1559801491,7.23,7.54,7.05,1529608633
23559.758756749,166.13475126900084,1784067787.8711793,40648,2.0,2244849664,2820087808,14887931904,0.0,0.0,40857,2.0,375881728,0,0,0.0,0.0,0.7,27768139776,0,1646592,0,0.0,0.0,0.0,0.0,0.0,47899186,0.0,0.0,0.0,0,0.0,0.0,0.0,1205608,0.0,0.0,0.0,1204819,5.92,7.34,7.09,1559801491,5.92,7.29,7.0,1529608633
23560.759495368,167.13548988800176,1784067788.871918,40648,2.0,2244849664,2820087808,14887931904,0.0,0.0,40857,3.0,528973824,0,0,0.0,0.0,0.6,27612872704,0,1646592,0,0.0,0.0,0.0,0.0,0.0,47899544,0.0,0.0,0.0,0,0.0,0.0,0.0,1205608,0.0,0.0,0.0,1204819,5.92,7.34,7.09,1559801491,5.92,7.29,7.0,1529608633
23561.760386888,168.13638140799958,1784067789.8728094,40648,3.0,2244857856,2820087808,14887931904,0.0,0.0,40857,1.0,669483008,0,0,0.0,0.0,0.6,27477655552,0,1646592,0,0.0,0.0,0.0,0.0,0.0,47899913,0.0,0.0,0.0,0,0.0,0.0,0.0,1205608,0.0,0.0,0.0,1204819,4.85,7.1,7.04,1559801491,4.85,7.05,6.95,1529608633
23562.761316784,169.137311303999,1784067790.8737395,40648,2.0,2244857856,2820087808,14887931904,0.0,0.0,40857,3.0,809992192,0,0,0.0,0.0,0.6,27337846784,0,1654784,0,0.0,0.0,0.0,0.0,0.0,47900240,0.0,0.0,0.0,0,0.0,0.0,0.0,1205608,0.0,0.0,0.0,1204819,4.85,7.1,7.04,1559801491,4.85,7.05,6.95,1529608633
23563.762248882,170.13824340200154,1784067791.8746717,40648,1.0,2244857856,2820087808,14887931904,0.0,0.0,40857,2.0,948404224,0,0,0.0,0.0,0.7,27204620288,0,1585152,0,0.0,85935.89931989896,0.0,0.0,0.0,47900537,0.0,0.0,0.0,0,0.0,0.0,0.0,1205608,0.0,0.0,0.0,1204819,3.97,6.87,6.99,1559803444,3.97,6.82,6.91,1529610581
23564.763171329,171.13916584899926,1784067792.8755937,40648,3.0,2244866048,2820087808,14887931904,0.0,0.0,40857,3.0,1082621952,0,0,0.0,0.0,0.5,27065188352,0,1380352,0,0.0,204611.2569603173,0.0,0.0,0.0,47900861,0.0,0.0,0.0,0,0.0,0.0,0.0,1205608,0.0,0.0,0.0,1204819,3.97,6.87,6.99,1559803444,3.97,6.82,6.91,1529610581
23565.764110836,172.14010535600028,1784067793.8765333,40648,2.0,2244866048,2820087808,14887931904,0.0,0.0,40857,1.0,1218936832,0,0,0.0,0.0,0.7,27034882048,0,1392640,0,0.0,0.0,0.0,0.0,0.0,47901502,0.0,0.0,0.0,0,0.0,0.0,0.0,1206071,0.0,0.0,0.0,1205282,3.25,6.64,6.94,1559803444,3.25,6.6,6.86,1529610581
23566.764933695,173.14092821500162,1784067794.877356,40648,3.0,2244866048,2820087808,14887931904,0.0,0.0,40857,9.0,1353220096,0,0,0.0,0.0,0.9,26904408064,0,1392640,0,0.0,0.0,0.0,0.0,0.0,47901790,0.0,0.0,0.0,0,0.0,0.0,0.0,1231342,0.0,0.0,0.0,1230554,3.25,6.64,6.94,1559803444,3.25,6.6,6.86,1529610581
23567.765689693,174.14168421299837,1784067795.878112,40648,1.0,2244554752,2820087808,14887931904,0.0,0.0,40857,8.0,1488289792,0,0,0.0,0.0,0.9,26750447616,0,1392640,0,0.0,0.0,0.0,0.0,0.0,47902543,0.0,0.0,0.0,0,0.18,0.03,0.0,1246262,0.18,0.03,0.0,1245474,2.66,6.42,6.89,1559803444,2.66,6.38,6.81,1529610581
23568.766423292,175.14241781199962,1784067796.8788462,40648,3.0,2244517888,2820087808,14887931904,0.0,0.0,40857,7.0,1623498752,0,0,0.0,0.0,0.9,26643267584,0,1400832,0,0.0,0.0,0.0,0.0,0.0,47903855,0.0,0.0,0.0,0,0.18,0.03,0.0,1257662,0.18,0.03,0.0,1256759,2.66,6.42,6.89,1559803444,2.66,6.38,6.81,1529610581
23569.76736812,176.1433626399994,1784067797.8797908,40648,2.0,2244517888,2820087808,14887931904,0.0,0.0,40857,8.0,1765150720,0,0,0.0,0.0,0.9,26486882304,0,61440,0,0.0,1362680.5013076183,0.0,0.0,0.0,47904153,0.0,0.0,0.0,0,0.32,0.06,0.01,1273776,0.32,0.06,0.01,1272873,2.18,6.21,6.85,1559806183,2.18,6.17,6.76,1529613298
23570.768375337,177.14436985700013,1784067798.8807976,40648,5.0,2244526080,2820087808,14887931904,0.0,0.0,40857,11.0,1904857088,0,0,0.0,0.0,1.3,26347741184,0,61440,0,0.0,0.0,0.0,0.0,0.0,47904463,0.0,0.0,0.0,0,0.32,0.06,0.01,1297786,0.32,0.06,0.01,1296880,2.18,6.21,6.85,1559806183,2.18,6.17,6.76,1529613298
23571.769291255,178.14528577500096,1784067799.8817136,40648,7.0,2244526080,2820087808,14887931904,0.0,0.0,40857,9.0,2038312960,0,0,0.0,0.0,1.3,26204962816,0,61440,0,0.0,8184.5036657646815,0.0,0.0,0.0,47904862,0.0,0.0,0.0,0,0.63,0.12,0.02,1314579,0.63,0.12,0.02,1313673,1.78,6.01,6.8,1559806183,1.78,5.97,6.72,1529613298
23572.770111251,179.1461057710003,1784067800.8825345,40648,1.0,2244935680,2820087808,14887931904,0.0,0.0,40857,45.0,2102951936,5144576,9494528,5140360.924606678,9486748.903852133,3.1,26095726592,0,0,524288,5140360.924606678,4870246.417421932,0.0,0.0,0.0,47908148,0.0,0.0,0.0,0,0.63,0.12,0.02,1318614,0.63,0.12,0.02,1317708,1.78,6.01,6.8,1559853587,1.78,5.97,6.72,1529660452
23573.7709135,180.1469080200004,1784067801.8833368,,,,,,,,40857,31.0,2109927424,10522624,36478976,5373736.924925089,26962817.10693563,2.5,28216074240,0,73728,131072,5373736.924925089,13391368.78777981,0.0,0.0,0.0,47910015,0.0,0.0,0.0,0,0.51,0.12,0.02,1318614,0.51,0.12,0.02,1317708,2.54,6.01,6.79,1559947332,2.54,5.97,6.71,1529752929
23574.771970506,181.14796502600075,1784067802.8843937,,,,,,,,40857,26.0,2112425984,16990208,62586880,6460754.943258266,26080336.92737694,1.6,28222382080,0,98304,0,6452571.593108477,13923970.279865662,0.0,0.0,0.0,47911474,0.0,0.0,0.0,0,0.51,0.12,0.02,1318614,0.51,0.12,0.02,1317708,2.54,6.01,6.79,1560028923,2.54,5.97,6.71,1529833744
23575.772719285,182.14871380499972,1784067803.885142,,,,,,,,40857,30.0,2123358208,22990848,91222016,5996150.208649104,28613710.65437945,1.6,28222021632,0,499712,0,6004336.079241117,14497176.818454012,0.0,0.0,0.0,47912928,0.0,0.0,0.0,0,0.42,0.11,0.02,1318614,0.42,0.11,0.02,1317708,3.53,6.07,6.8,1560113359,3.53,6.04,6.72,1529917151
23576.773453685,183.14944820500023,1784067804.8858767,,,,,,,,40857,25.0,2125578240,27537408,115601408,4543223.456691086,24361500.91371653,1.6,28226949120,0,163840,65536,4543223.456691086,11791916.01687119,0.0,0.0,0.0,47914524,0.0,0.0,0.0,0,0.42,0.11,0.02,1318614,0.42,0.11,0.02,1317708,3.53,6.07,6.8,1560203813,3.53,6.04,6.72,1530006996
23577.774186494,184.15018101399983,1784067805.886609,,,,,,,,40857,30.0,2132107264,33206272,143953920,5664712.847445237,28331750.23845082,1.9,28221263872,0,409600,364544,5664712.847445237,14112666.111265304,0.0,0.0,0.0,47915991,0.0,0.0,0.0,0,0.34,0.11,0.02,1318614,0.34,0.11,0.02,1317708,4.52,6.17,6.82,1560303774,4.52,6.13,6.74,1530105892
23578.774893823,185.15088834299968,1784067806.8873165,,,,,,,,40857,34.0,2134335488,40710144,177901568,7498568.045364154,33923652.816581935,2.0,28232409088,0,274432,368640,7490381.835707642,16319208.950254846,0.0,0.0,0.0,47917647,0.0,0.0,0.0,0,0.34,0.11,0.02,1318614,0.34,0.11,0.02,1317708,4.52,6.17,6.82,1560382460,4.52,6.13,6.74,1530183615
23579.775683072,186.15167759199903,1784067807.8881056,,,,,,,,40857,63.0,2147131392,53293056,224968704,12572988.781185564,47030017.60566514,3.7,28252114944,0,192512,0,12581174.320756648,23762621.374857873,0.0,0.0,0.0,47920120,0.0,0.0,0.0,0,0.28,0.11,0.02,1318614,0.28,0.11,0.02,1317708,5.15,6.23,6.83,1560460209,4.97,6.16,6.74,1530260262
23580.776641899,187.15263641899946,1784067808.889065,,,,,,,,40857,57.9,2157932544,67145728,277155840,13839402.407302042,52137145.497171886,3.3,28249481216,0,143360,253952,13839402.407302042,24744786.031033546,0.0,0.0,0.0,47922560,0.0,0.0,0.0,0,0.28,0.11,0.02,1318614,0.28,0.11,0.02,1317708,5.15,6.23,6.83,1560537678,4.97,6.16,6.74,1530336332
23581.777423348,188.15341786800127,1784067809.8898458,,,,,,,,40857,60.0,2172846080,78925824,324210688,11770897.6437859,47018105.748196244,3.4,28220063744,0,237568,0,11770897.6437859,24004281.877887446,0.0,0.0,0.0,47924940,0.0,0.0,0.0,0,0.23,0.1,0.02,1318614,0.23,0.1,0.02,1317708,5.49,6.26,6.83,1560615231,5.34,6.19,6.74,1530412706
23582.778186837,189.1541813570002,1784067810.8906097,,,,,,,,40857,56.0,2181349376,89804800,369233920,10870676.35818962,44988883.48238716,3.1,28221022208,0,442368,0,10870676.35818962,21851860.345020473,0.0,0.0,0.0,47927052,0.0,0.0,0.0,0,0.23,0.1,0.02,1318614,0.23,0.1,0.02,1317708,5.49,6.26,6.83,1560693789,5.34,6.19,6.74,1530490239
23583.778911766,190.15490628599946,1784067811.8913348,,,,,,,,40857,61.0,2196934656,105078784,416903168,15262919.467064932,47634716.21284572,10.2,28176273408,0,32768,0,15246547.33569774,25086198.287380256,0.0,0.0,0.0,47929377,0.0,0.0,0.0,0,0.18,0.1,0.02,1318614,0.18,0.1,0.02,1317708,5.76,6.28,6.83,1560772454,5.64,6.22,6.74,1530567281
23584.779668155,191.1556626749989,1784067812.8920913,,,,,,,,40857,59.0,2205560832,116277248,468975616,11190000.007090965,52033090.74255576,8.9,28182499328,0,106496,0,11206371.623780198,23759308.720249835,0.0,0.0,0.0,47931712,0.0,0.0,0.0,0,0.18,0.1,0.02,1318614,0.18,0.1,0.02,1317708,5.76,6.28,6.83,1560845213,5.64,6.22,6.74,1530639057
23585.780518693,192.15651321300174,1784067813.8929412,,,,,,,,40857,57.0,2219175936,127356928,515997696,11070264.319494665,46982119.92155222,4.6,28175003648,0,663552,614400,11070264.319494665,21489818.093037516,0.0,0.0,0.0,47934155,0.0,0.0,0.0,0,0.15,0.1,0.02,1318614,0.15,0.1,0.02,1317708,5.98,6.3,6.83,1560921843,5.88,6.24,6.75,1530714645
23586.781260842,193.15725536199898,1784067814.8936837,,,,,,,,40857,61.0,2232586240,137945088,564711424,10580307.835149728,48677601.966512844,4.5,28168921088,0,135168,0,10572121.910325626,23383094.260042705,0.0,0.0,0.0,47936390,0.0,0.0,0.0,0,0.15,0.1,0.02,1318614,0.15,0.1,0.02,1317708,5.98,6.3,6.83,1560990872,5.88,6.24,6.75,1530782660
23587.782023481,194.1580180009987,1784067815.8944461,,,,,,,,40857,83.9,2237464576,182468608,751407104,44489590.50320019,186553407.09621567,5.8,28184006656,0,344064,65536,44497776.26042248,171884530.1538542,0.0,0.0,0.0,47951143,0.0,0.0,0.0,0,0.12,0.09,0.02,1318614,0.12,0.09,0.02,1317708,6.35,6.36,6.84,1561097299,6.27,6.3,6.75,1530884455
23588.78275464,195.1587491600003,1784067816.8951778,,,,,,,,40857,74.9,2251403264,228343808,908701696,45841682.44123512,157179668.6703849,4.9,28176281600,0,1105920,0,45833496.42651346,136988863.35943732,0.0,0.0,0.0,47962814,0.0,0.0,0.0,0,0.12,0.09,0.02,1318614,0.12,0.09,0.02,1317708,6.35,6.36,6.84,1561201445,6.27,6.3,6.75,1530983910
23589.783510149,196.15950466900176,1784067817.8959332,,,,,,,,40857,59.0,2263175168,240295936,967356416,11943104.87676017,58610439.28553997,3.7,28146831360,0,1306624,131072,11951290.692302842,24021275.709974445,0.0,0.0,0.0,47965345,0.0,0.0,0.0,0,0.1,0.09,0.02,1318614,0.1,0.09,0.02,1317708,6.83,6.45,6.85,1561275634,6.58,6.36,6.76,1531056970
23590.784288078,197.16028259800078,1784067818.8967113,,,,,,,,40857,63.9,2288328704,260235264,1032871936,19923828.67590163,65464593.19454531,4.2,28137295872,0,1384448,0,19923828.67590163,22903398.78191157,0.0,0.0,0.0,47968566,0.0,0.0,0.0,0,0.1,0.09,0.02,1318614,0.1,0.09,0.02,1317708,6.83,6.45,6.85,1561373473,6.58,6.36,6.76,1531150778
23591.785054637,198.16104915699907,1784067819.8974774,,,,,,,,40857,57.0,2294898688,271224832,1095704576,10981150.300425597,62784511.96739793,3.5,28127719424,0,1331200,0,10981150.300425597,22965051.932794638,0.0,0.0,0.0,47970980,0.0,0.0,0.0,0,0.08,0.08,0.02,1318614,0.08,0.08,0.02,1317708,7.04,6.5,6.86,1561446988,6.84,6.41,6.77,1531223426
23592.785806056,199.16180057599922,1784067820.8982415,,,,,,,,40857,63.0,2307715072,282386432,1165373440,11153219.259135813,69616552.7995013,3.7,28122767360,0,1331200,0,11145033.410138283,23984537.562765457,0.0,0.0,0.0,47973502,0.0,0.0,0.0,0,0.08,0.08,0.02,1318614,0.08,0.08,0.02,1317708,7.04,6.5,6.86,1561517471,6.84,6.41,6.77,1531292858
23593.786665694,200.1626602139986,1784067821.8990886,,,,,,,,40857,60.0,2316185600,294232064,1232146432,11835457.79074298,66715640.700100996,3.4,28116004864,0,1540096,0,11843642.754636994,23703655.437062014,0.0,0.0,0.0,47976107,0.0,0.0,0.0,0,0.06,0.08,0.02,1318614,0.06,0.08,0.02,1317708,7.03,6.51,6.86,1561592421,6.68,6.4,6.77,1531366752
23594.787388033,201.1633825530007,1784067822.8998106,,,,,,,,40857,60.0,2330906624,305225728,1296916480,10985728.57978039,64723295.83907128,3.8,28111159296,0,1548288,0,10985728.57978039,22957880.627417367,0.0,0.0,0.0,47978458,0.0,0.0,0.0,0,0.06,0.08,0.02,1318614,0.06,0.08,0.02,1317708,7.03,6.51,6.86,1561666133,6.68,6.4,6.77,1531439286
23595.788313581,202.16430810100064,1784067823.9007363,,,,,,,,40857,57.9,2339340288,316669952,1360461824,11433641.615870388,63486584.119045526,3.3,28094988288,0,1548288,0,11433641.615870388,23509760.588108584,0.0,0.0,0.0,47980788,0.0,0.0,0.0,0,0.05,0.08,0.02,1318614,0.05,0.08,0.02,1317708,7.02,6.53,6.86,1561737712,6.74,6.42,6.77,1531509939
23596.78901383,203.16500834999897,1784067824.9014363,,,,,,,,40857,64.0,2354073600,328802304,1424158720,12123862.277584257,63652323.52421093,3.7,28081479680,0,1552384,16384,12123862.277584257,23903901.31704661,0.0,0.0,0.0,47983217,0.0,0.0,0.0,0,0.05,0.08,0.02,1318614,0.05,0.08,0.02,1317708,7.02,6.53,6.86,1561809433,6.74,6.42,6.77,1531580697
23597.789740689,204.16573520900056,1784067825.9021635,,,,,,,,40857,57.0,2364567552,339189760,1486712832,10379911.268059123,62508677.00544122,3.4,28077006848,0,1552384,0,10379911.268059123,21590706.600556735,0.0,0.0,0.0,47985776,0.0,0.0,0.0,0,0.04,0.08,0.02,1318614,0.04,0.08,0.02,1317708,7.02,6.54,6.86,1561882790,6.6,6.4,6.76,1531653227
23598.790481209,205.1664757289982,1784067826.9029038,,,,,,,,40857,58.0,2381574144,349605888,1552662528,10408420.356582163,65900895.06933913,3.3,28058107904,0,1454080,0,10408420.356582163,21938314.23959119,0.0,0.0,0.0,47988068,0.0,0.0,0.0,0,0.04,0.08,0.02,1318614,0.04,0.08,0.02,1317708,7.02,6.54,6.86,1561956234,6.6,6.4,6.76,1531725925
23599.791216568,206.16721108799902,1784067827.9036396,,,,,,,,40857,61.0,2389962752,360980480,1628082176,11366233.737715457,75364228.23642589,3.4,28060680192,0,1437696,0,11366233.737715457,23530600.561082523,0.0,0.0,0.0,47990426,0.0,0.0,0.0,0,0.03,0.07,0.02,1318614,0.03,0.07,0.02,1317708,7.01,6.56,6.87,1562031291,6.68,6.42,6.76,1531799964
23600.792018606,207.168013126,1784067828.9044416,,,,,,,,40857,58.0,2402553856,372293632,1699426304,11304085.693707269,71286953.15459566,3.4,28052115456,0,991232,0,11304085.693707269,23627258.041191913,0.0,0.0,0.0,47993097,0.0,0.0,0.0,0,0.03,0.07,0.02,1318614,0.03,0.07,0.02,1317708,7.01,6.56,6.87,1562107148,6.68,6.42,6.76,1531874320
23601.792830105,208.16882462500143,1784067829.905253,,,,,,,,40857,61.0,2413039616,382722048,1762209792,10419960.212692467,62732580.573507525,3.5,28041465856,0,1646592,958464,10419960.212692467,22526104.089025665,0.0,0.0,0.0,47995469,0.0,0.0,0.0,0,0.03,0.07,0.02,1318614,0.03,0.07,0.02,1317708,7.01,6.57,6.87,1562181189,6.73,6.44,6.77,1531947402
23602.793570504,209.1695650239999,1784067830.9059932,,,,,,,,40857,56.0,2423525376,392675328,1816768512,9945916.053715067,54518354.66480851,3.0,28025651200,0,1421312,0,9945916.053715067,21074700.312995423,0.0,0.0,0.0,47997897,0.0,0.0,0.0,0,0.03,0.07,0.02,1318614,0.03,0.07,0.02,1317708,7.01,6.57,6.87,1562255834,6.73,6.44,6.77,1532021188
23603.794310073,210.17030459300076,1784067831.9067328,,,,,,,,40857,65.0,2436116480,405594112,1885589504,12909236.728690559,68770131.74237755,3.6,28010991616,0,1388544,36864,12909236.728690559,27075016.15735195,0.0,0.0,0.0,48000744,0.0,0.0,0.0,0,0.02,0.07,0.01,1318614,0.02,0.07,0.01,1317708,7.01,6.59,6.87,1562329312,6.78,6.46,6.77,1532093535
23604.795221241,211.17121576099817,1784067832.9076438,,,,,,,,40857,58.9,2446602240,417406976,1938558976,11802110.29479758,52921251.84893284,3.4,27998515200,0,1449984,0,11802110.29479758,23792465.067251433,0.0,0.0,0.0,48003324,0.0,0.0,0.0,0,0.02,0.07,0.01,1318614,0.02,0.07,0.01,1317708,7.01,6.59,6.87,1562401820,6.78,6.46,6.77,1532165209
23605.79595284,212.17194735999874,1784067833.9083757,,,,,,,,40857,62.9,2459193344,428670976,1998979072,11255765.293360686,60375925.03358672,3.5,27990245376,0,1433600,0,11255765.293360686,22810319.99269058,0.0,0.0,0.0,48005839,0.0,0.0,0.0,0,0.01,0.06,0.01,1318614,0.01,0.06,0.01,1317708,7.01,6.6,6.87,1562470712,6.82,6.48,6.77,1532233030
23606.796830008,213.17282452799918,1784067834.9092531,,,,,,,,40857,56.0,2469695488,439005184,2051874816,10325151.107848458,52849386.20957391,3.2,27976327168,0,1470464,0,10325151.107848458,23199873.813076854,0.0,0.0,0.0,48008257,0.0,0.0,0.0,0,0.01,0.06,0.01,1318614,0.01,0.06,0.01,1317708,7.01,6.6,6.87,1562542090,6.82,6.48,6.77,1532303306
23607.797678056,214.17367257599835,1784067835.9101007,,,,,,,,40857,61.0,2480181248,449392640,2107027456,10378654.402899541,55105907.54536369,3.4,27960983552,0,1486848,0,10378654.402899541,23642541.989570443,0.0,0.0,0.0,48010935,0.0,0.0,0.0,0,0.01,0.06,0.01,1318614,0.01,0.06,0.01,1317708,7.0,6.62,6.87,1562622202,6.85,6.49,6.77,1532382199
23608.798412385,215.17440690500007,1784067836.9108353,,,,,,,,40857,58.0,2490707968,460152832,2164797440,10752296.277008748,57727592.9542944,3.4,27959496704,0,1368064,245760,10752296.277008748,23280952.121669494,0.0,0.0,0.0,48013415,0.0,0.0,0.0,0,0.01,0.06,0.01,1318614,0.01,0.06,0.01,1317708,7.0,6.62,6.87,1562698396,6.85,6.49,6.77,1532457214
23609.799204824,216.17519934400116,1784067837.9116275,,,,,,,,40857,57.0,2503307264,469651456,2213756928,9491102.879914612,48920721.312470615,3.0,27941789696,0,1601536,0,9491102.879914612,21405117.74987211,0.0,0.0,0.0,48015819,0.0,0.0,0.0,0,0.01,0.06,0.01,1318614,0.01,0.06,0.01,1317708,7.0,6.63,6.87,1562777548,6.88,6.51,6.77,1532535211
23610.800024392,217.17601891199956,1784067838.9124472,,,,,,,,40857,58.0,2511716352,480886784,2263855104,11226127.42521627,50057150.7611448,3.1,27930894336,0,1540096,0,11226127.42521627,22063453.499577437,0.0,0.0,0.0,48018257,0.0,0.0,0.0,0,0.01,0.06,0.01,1318614,0.01,0.06,0.01,1317708,7.0,6.63,6.87,1562864884,6.88,6.51,6.77,1532621011
23611.800764331,218.17675885100107,1784067839.9131868,,,,,,,,40857,63.0,2524332032,491397120,2328829952,10502564.74273102,64926806.12390575,3.9,27919691776,0,1114112,446464,10502564.74273102,24185368.302727044,0.0,0.0,0.0,48020762,0.0,0.0,0.0,0,0.01,0.06,0.01,1318614,0.01,0.06,0.01,1317708,7.0,6.64,6.87,1562936162,6.9,6.53,6.78,1532691319
23612.801476781,219.17747130099815,1784067840.9138994,,,,,,,,40857,57.0,2536927232,501813248,2385866752,10408712.312943023,56996193.06241903,3.4,27917705216,0,1073152,81920,10408712.312943023,22344144.91402122,0.0,0.0,0.0,48023086,0.0,0.0,0.0,0,0.01,0.06,0.01,1318614,0.01,0.06,0.01,1317708,7.0,6.64,6.87,1563004577,6.9,6.53,6.78,1532758961
23613.80220115,220.1781956699997,1784067841.9146235,,,,,,,,40857,61.0,2547412992,511283200,2436780032,9463097.225711081,50876426.69359375,3.2,27897802752,0,1359872,0,9463097.225711081,21091410.03637076,0.0,0.0,0.0,48025419,0.0,0.0,0.0,0,0.0,0.05,0.01,1318614,0.0,0.05,0.01,1317708,7.0,6.65,6.87,1563078013,6.74,6.51,6.77,1532831337
23614.802925459,221.17891997900006,1784067842.9153483,,,,,,,,40857,58.0,2555809792,522199040,2488811520,10907939.281403085,51993828.402125105,3.2,27890278400,0,1183744,172032,10907939.281403085,22687695.09824289,0.0,0.0,0.0,48028053,0.0,0.0,0.0,0,0.0,0.05,0.01,1318614,0.0,0.05,0.01,1317708,7.0,6.65,6.87,1563153535,6.74,6.51,6.77,1532905550
23615.803686548,222.1796810679989,1784067843.9161088,,,,,,,,40857,59.0,2570493952,531873792,2546565120,9667394.25258688,57709677.79910035,3.2,27874615296,0,1527808,65536,9659208.482686298,22961084.571131416,0.0,0.0,0.0,48030553,0.0,0.0,0.0,0,0.0,0.05,0.01,1318614,0.0,0.05,0.01,1317708,7.0,6.66,6.87,1563229738,6.78,6.52,6.77,1532980893
23616.804424367,223.180418887001,1784067844.9168477,,,,,,,,40857,59.0,2576814080,542945280,2605264896,11063325.2683906,58656498.12108978,3.4,27870642176,0,1830912,569344,11055139.308147617,23178546.428004425,0.0,0.0,0.0,48033048,0.0,0.0,0.0,0,0.0,0.05,0.01,1318614,0.0,0.05,0.01,1317708,7.0,6.66,6.87,1563302948,6.78,6.52,6.77,1533053134
23617.805185916,224.18118043600043,1784067845.9176087,,,,,,,,40857,57.0,2589396992,553684992,2668429312,10731539.406902276,63116349.80695652,3.2,27858075648,0,1605632,98304,10747910.939178253,22306212.726017315,0.0,0.0,0.0,48035440,0.0,0.0,0.0,0,0.0,0.05,0.01,1318614,0.0,0.05,0.01,1317708,7.0,6.67,6.87,1563378601,6.82,6.54,6.77,1533127743
23618.805910735,225.18190525500177,1784067846.9183335,,,,,,,,40857,63.0,2599890944,564404224,2729369600,10711468.12437127,60896149.31386922,3.5,27861585920,0,344064,0,10711468.12437127,22998754.066045918,0.0,0.0,0.0,48037805,0.0,0.0,0.0,0,0.0,0.05,0.01,1318614,0.0,0.05,0.01,1317708,7.0,6.67,6.87,1563450391,6.82,6.54,6.77,1533198675
23619.806729154,226.18272367399913,1784067847.919152,,,,,,,,40857,63.9,2606223360,591581184,2869145600,27154736.048149653,139661698.21297768,4.7,27849428992,0,0,1228800,27154736.048149653,103969693.22791165,0.0,0.0,0.0,48047001,0.0,0.0,0.0,0,0.0,0.05,0.01,1318614,0.0,0.05,0.01,1317708,7.18,6.72,6.88,1563551339,7.03,6.59,6.78,1533296426
23620.807521103,227.18351562300086,1784067848.919944,,,,,,,,40857,69.9,2610429952,627453952,3061772288,35844381.07818775,192474258.20335847,4.2,27846483968,0,593920,393216,35844381.07818775,157468892.66764945,0.0,0.0,0.0,48060522,0.0,0.0,0.0,0,0.0,0.05,0.01,1318614,0.0,0.05,0.01,1317708,7.18,6.72,6.88,1563688169,7.03,6.59,6.78,1533428141
23621.808250532,228.18424505200164,1784067849.9206734,,,,,,,,40857,72.9,2610429952,661442560,3282202624,33963833.79465234,220269664.91841534,4.1,27843956736,0,49152,1183744,33963833.79465234,175663993.58868274,0.18,0.03,0.0,48075438,0.0,0.0,0.0,0,0.0,0.05,0.01,1318614,0.0,0.05,0.01,1317708,8.23,6.92,6.92,1563818332,7.93,6.77,6.82,1533553725
23622.808977631,229.1849721510007,1784067850.9214003,,,,,,,,40857,83.9,2616729600,687796224,3514449920,26334516.19963078,232078551.91719997,5.2,27839758336,0,356352,0,26334516.19963078,179475007.90140036,0.18,0.03,0.0,48090336,0.0,0.0,0.0,0,0.0,0.05,0.01,1318614,0.0,0.05,0.01,1317708,8.23,6.92,6.92,1563912054,7.93,6.77,6.82,1533643715
23623.80971894,230.18571345999953,1784067851.9221418,,,,,,,,40857,55.0,2627227648,696836096,3575246848,9033175.625620622,60751892.0757077,3.2,27826876416,0,159744,65536,9033175.625620622,21025565.55904537,0.14,0.03,0.0,48092759,0.0,0.0,0.0,0,0.0,0.04,0.01,1318614,0.0,0.04,0.01,1317708,8.19,6.96,6.93,1563988861,7.94,6.81,6.83,1533719709
23624.810454539,231.18644905900146,1784067852.9228778,,,,,,,,40857,63.0,2637717504,707973120,3646959616,11128837.638140768,71660054.93511164,3.5,27818815488,0,151552,8192,11128837.638140768,21901585.21577464,0.14,0.03,0.0,48095230,0.0,0.0,0.0,0,0.0,0.04,0.01,1318614,0.0,0.04,0.01,1317708,8.19,6.96,6.93,1564062614,7.94,6.81,6.83,1533792267
23625.811183939,232.18717845900028,1784067853.923607,,,,,,,,40857,58.0,2648203264,717701120,3721535488,9720909.568572175,74521516.00631309,3.2,27806367744,0,151552,0,9720909.568572175,20387305.499392845,0.12,0.02,0.0,48097568,0.0,0.0,0.0,0,0.0,0.04,0.01,1318614,0.0,0.04,0.01,1317708,7.97,6.96,6.93,1564131547,7.77,6.81,6.83,1533860479
23626.811957178,233.1879516980007,1784067854.9243793,,,,,,,,40857,61.0,2662887424,726753280,3796643840,9045165.92494166,75050320.16545486,3.6,27792982016,0,155648,16384,9045165.92494166,20595147.029097937,0.12,0.02,0.0,48099979,0.0,0.0,0.0,0,0.0,0.04,0.01,1318614,0.0,0.04,0.01,1317708,7.97,6.96,6.93,1564201442,7.77,6.81,6.83,1533929773
23627.812665757,234.18866027699914,1784067855.9250884,,,,,,,,40857,58.0,2671276032,736366592,3870863360,9606505.032285562,74166966.84491453,3.3,27788423168,0,221184,0,9606505.032285562,20670153.563290197,0.09,0.02,0.0,48102181,0.0,0.0,0.0,0,0.0,0.04,0.01,1318614,0.0,0.04,0.01,1317708,7.61,6.93,6.92,1564268846,7.45,6.79,6.82,1533996511
23628.813442456,235.18943697600116,1784067856.9258647,,,,,,,,40857,62.0,2683858944,747585536,3945373696,11210237.020094115,74452508.81070904,3.4,27773108224,0,155648,0,11210237.020094115,20959336.903943762,0.09,0.02,0.0,48104558,0.0,0.0,0.0,0,0.0,0.04,0.01,1318614,0.0,0.04,0.01,1317708,7.61,6.93,6.92,1564340585,7.45,6.79,6.82,1534066970
23629.814235364,236.19022988399956,1784067857.9266584,,,,,,,,40857,58.0,2692263936,757710848,4023394304,10117289.919900356,77958793.84881148,3.3,27760312320,0,155648,0,10117289.919900356,22268678.986317895,0.08,0.02,0.0,48106903,0.0,0.0,0.0,0,0.0,0.04,0.01,1318614,0.0,0.04,0.01,1317708,7.5,6.93,6.93,1564410505,7.19,6.76,6.82,1534135871
23630.814952934,237.1909474540007,1784067858.9273753,,,,,,,,40857,37.0,2702749696,763305984,4074442752,5591123.977161317,51011843.43145058,2.3,27740925952,0,28672,0,5582937.851279676,14133346.334654488,0.08,0.02,0.0,48108546,0.0,0.0,0.0,0,0.0,0.04,0.01,1318614,0.0,0.04,0.01,1317708,7.5,6.93,6.93,1564483845,7.19,6.76,6.82,1534208835
23631.815657283,238.19165180300115,1784067859.92808,,,,,,,,40857,32.0,2706944000,767680512,4129091584,4371448.974284473,54610367.24241895,2.0,27741712384,0,32768,0,4379635.208318714,12398051.444857368,0.06,0.02,0.0,48110046,0.0,0.0,0.0,0,0.0,0.04,0.01,1318614,0.0,0.04,0.01,1317708,7.41,6.93,6.93,1564568891,7.15,6.77,6.82,1534293227
23632.816405632,239.1924001519983,1784067860.9288285,,,,,,,,40857,26.0,2711138304,772190208,4172697600,4506323.697180386,43573407.883907706,1.9,27743596544,0,16384,0,4506323.697180386,11071394.732854625,0.06,0.02,0.0,48111521,0.0,0.0,0.0,0,0.0,0.04,0.01,1318614,0.0,0.04,0.01,1317708,7.41,6.93,6.93,1564657071,7.15,6.77,6.82,1534380803
23633.817138411,240.19313293099913,1784067861.9295614,,,,,,,,40857,29.0,2713235456,775757824,4223610880,3565003.6401945916,50875999.13618688,1.8,27740041216,0,0,0,3565003.6401945916,12115282.175632596,0.05,0.02,0.0,48113039,0.0,0.0,0.0,0,0.0,0.04,0.01,1318614,0.0,0.04,0.01,1317708,7.52,6.97,6.93,1564744655,7.3,6.81,6.83,1534467847
23634.81793724,241.19393176000085,1784067862.93036,,,,,,,,40857,28.0,2717429760,779640832,4274266112,3879908.6164731234,50614799.43029864,1.7,27733069824,0,0,0,3879908.6164731234,13285003.553873163,0.05,0.02,0.0,48114622,0.0,0.0,0.0,0,0.0,0.04,0.01,1318614,0.0,0.04,0.01,1317708,7.52,6.97,6.93,1564816580,7.3,6.81,6.83,1534539328
23635.818707259,242.19470177900075,1784067863.9311304,,,,,,,,40857,30.0,2721624064,783556608,4320792576,3912763.0980723714,46490665.30439756,4.3,27726872576,0,45056,0,3855463.2200671276,10375370.767378097,0.04,0.02,0.0,48116092,0.0,0.0,0.0,0,0.0,0.03,0.01,1318614,0.0,0.03,0.01,1317708,7.42,6.97,6.93,1564896927,7.25,6.81,6.83,1534619027
23636.819591727,243.19558624699857,1784067864.9320142,,,,,,,,40857,26.0,2727915520,788545536,4368801792,4984519.352148505,47966790.908483274,6.9,27720728576,0,561152,40960,5033627.917194303,10722036.701665914,0.04,0.02,0.0,48117562,0.0,0.0,0.0,0,0.0,0.03,0.01,1318614,0.0,0.03,0.01,1317708,7.42,6.97,6.93,1564983927,7.25,6.81,6.83,1534705505
23637.820342276,244.19633679600156,1784067865.9327652,,,,,,,,40857,29.0,2730012672,792129536,4428214272,3581312.049811628,59367921.465734474,3.5,27719376896,0,1015808,0,3589497.9059254834,11288295.581006251,0.03,0.02,0.0,48119015,0.0,0.0,0.0,0,0.0,0.03,0.01,1318614,0.0,0.03,0.01,1317708,7.53,7.0,6.94,1565062197,7.38,6.85,6.84,1534782799
23638.821123474,245.19711799400102,1784067866.9335463,,,,,,,,40857,24.0,2734211072,796213248,4475473920,4080524.302578084,47222757.676174454,2.1,27715768320,0,73728,225280,4080524.302578084,10592173.415318036,0.03,0.02,0.0,48120414,0.0,0.0,0.0,0,0.0,0.03,0.01,1318614,0.0,0.03,0.01,1317708,7.53,7.0,6.94,1565151511,7.38,6.85,6.84,1534871371
23639.821935313,246.19792983300067,1784067867.9343581,,,,,,,,40857,28.0,2736316416,800321536,4526592000,4104955.437084339,51076614.01277423,2.0,27710586880,0,3694592,0,4104955.437084339,10002503.577501621,0.02,0.02,0.0,48121837,0.0,0.0,0.0,0,0.0,0.03,0.01,1318614,0.0,0.03,0.01,1317708,7.61,7.04,6.95,1565234948,7.49,6.89,6.85,1534954172
23640.822647542,247.19864206200145,1784067868.9350708,,,,,,,,40857,25.0,2738413568,803799040,4572557312,3475028.983579334,45932597.47199916,1.7,27712151552,0,1183744,200704,3475028.983579334,10040336.980824625,0.02,0.02,0.0,48123196,0.0,0.0,0.0,0,0.0,0.03,0.01,1318614,0.0,0.03,0.01,1317708,7.61,7.04,6.95,1565321484,7.49,6.89,6.85,1535040309
23641.82360718,248.1996016999983,1784067869.9360297,,,,,,,,40857,28.0,2748899328,807108608,4630077440,3306395.0576700396,57464982.41938164,1.9,27703173120,0,970752,278528,3306395.0576700396,10160617.48538949,0.02,0.02,0.0,48124622,0.0,0.0,0.0,0,0.0,0.03,0.01,1318614,0.0,0.03,0.01,1317708,7.68,7.07,6.96,1565403057,7.59,6.93,6.85,1535121254
23642.824297179,249.20029169899863,1784067870.9367201,,,,,,,,40857,24.0,2750996480,810913792,4689797120,3802560.237237669,59678501.8933533,1.9,27700236288,0,974848,0,3802560.237237669,11370842.130297357,0.02,0.02,0.0,48126071,0.0,0.0,0.0,0,0.0,0.03,0.01,1318614,0.0,0.03,0.01,1317708,7.68,7.07,6.96,1565480735,7.59,6.93,6.85,1535198383
23643.825011798,250.2010063179987,1784067871.9374342,,,,,,,,40857,25.0,2755190784,814456832,4739624960,3540509.884366717,49792257.50672961,1.8,27698982912,0,1052672,0,3540509.884366717,10023940.70151918,0.01,0.02,0.0,48127484,0.0,0.0,0.0,0,0.0,0.03,0.0,1318614,0.0,0.03,0.0,1317708,7.56,7.07,6.96,1565560147,7.48,6.93,6.85,1535277169
23644.825731809,251.20172632899994,1784067872.938155,,,,,,,,40857,28.0,2757287936,817360896,4778762240,2901974.5464012465,39109121.00262892,1.9,27696115712,0,1175552,0,2901974.5464012465,10363610.086724902,0.01,0.02,0.0,48128869,0.0,0.0,0.0,0,0.0,0.03,0.0,1318614,0.0,0.03,0.0,1317708,7.56,7.07,6.96,1565644072,7.48,6.93,6.85,1535360664
23645.826473388,252.20246790799865,1784067873.9388967,,,,,,,,40857,25.0,2759385088,821059584,4827082752,3695947.1632034136,48284705.076756,1.9,27698089984,0,1122304,0,3695947.1632034136,11280210.832545523,0.01,0.02,0.0,48130293,0.0,0.0,0.0,0,0.0,0.03,0.0,1318614,0.0,0.03,0.0,1317708,7.64,7.1,6.96,1565721771,7.57,6.96,6.86,1535437689
23646.827278076,253.20327259600163,1784067874.939701,,,,,,,,40857,28.0,2763579392,824549376,4871307264,3486986.0641476484,44188953.67911052,2.0,27696668672,0,356352,905216,3486986.0641476484,11803365.97300683,0.01,0.02,0.0,48131764,0.0,0.0,0.0,0,0.0,0.03,0.0,1318614,0.0,0.03,0.0,1317708,7.64,7.1,6.96,1565796577,7.57,6.96,6.86,1535511929
23647.828197594,254.20419211400076,1784067875.9406207,,,,,,,,40857,24.0,2765676544,828424192,4927356928,3871256.310143552,55998172.672309056,1.6,27693096960,0,1122304,65536,3871256.310143552,11004025.600397475,0.01,0.01,0.0,48133212,0.0,0.0,0.0,0,0.0,0.03,0.0,1318614,0.0,0.03,0.0,1317708,7.52,7.09,6.96,1565877588,7.47,6.97,6.86,1535592426
23648.828924373,255.20491889299956,1784067876.9413471,,,,,,,,40857,27.0,2767773696,831700992,4979900416,3274420.2201507604,52505328.23011744,1.8,27692498944,0,1118208,282624,3274420.2201507604,10150702.682467356,0.01,0.01,0.0,48134575,0.0,0.0,0.0,0,0.0,0.03,0.0,1318614,0.0,0.03,0.0,1317708,7.52,7.09,6.96,1565959339,7.47,6.97,6.86,1535673583
23649.829661292,256.20565581199844,1784067877.9420843,,,,,,,,40857,24.0,2771968000,834629632,5033377792,2926483.4187687957,53437996.52509846,1.9,27683921920,0,5701632,0,2926483.4187687957,9393397.826677462,0.0,0.01,0.0,48135940,0.0,0.0,0.0,0,0.0,0.02,0.0,1318614,0.0,0.02,0.0,1317708,7.42,7.09,6.96,1566026328,7.38,6.97,6.86,1535740030
23650.830407641,257.20640216099855,1784067878.9428303,,,,,,,,40857,18.0,2772045824,835198976,5039894528,568919.3875839335,6511875.86795711,1.5,27679154176,0,970752,0,568919.3875839335,3761416.670429028,0.0,0.01,0.0,48136544,0.0,0.0,0.0,0,0.0,0.02,0.0,1318614,0.0,0.02,0.0,1317708,7.42,7.09,6.96,1566030624,7.38,6.97,6.86,1535744303
